,ghi,inside_par_1,inside_par_2,inside_par_3,inside_par_4,inside_par_5,inside_par_6,inside_par_7,inside_par_8,light_on,screen_on
2013-02-04 00:00:00+01:00,0.0,0.0,0.0,0.0,0.0,0.25,0.175,,,0.0,100.0
2013-02-04 01:00:00+01:00,0.0,0.0,0.0,0.0,0.0,0.0,0.05,,,0.0,100.0
2013-02-04 02:00:00+01:00,0.0,0.0,0.0,0.0,0.0,0.0,0.075,,,0.0,100.0
2013-02-04 03:00:00+01:00,0.0,0.0,0.0,0.0,0.0,0.025,0.025,,,0.0,100.0
2013-02-04 04:00:00+01:00,0.0,0.0,0.0,0.0,0.025,0.0,0.25,,,0.0,100.0
2013-02-04 05:00:00+01:00,0.0,0.0,0.0,0.0,0.0,0.05,0.0,,,0.0,100.0
2013-02-04 06:00:00+01:00,0.0,0.0,0.0,0.0,0.0,0.0,0.0,,,0.0,100.0
2013-02-04 07:00:00+01:00,0.203389830508,105.525,82.05,99.35,92.7,108.3,68.8,,,1.0,69.4915254237
2013-02-04 08:00:00+01:00,25.2,148.5,112.875,140.95,128.1,149.7,96.15,,,1.0,0.0
2013-02-04 09:00:00+01:00,200.166666667,193.775,153.35,177.25,178.0,194.1,136.8,,,1.0,0.0
2013-02-04 10:00:00+01:00,407.566666667,118.625,106.825,118.175,99.525,146.275,84.575,,,0.25,0.0
2013-02-04 11:00:00+01:00,492.483333333,72.6,44.975,65.075,49.7,41.25,36.475,,,0.0,0.0
2013-02-04 12:00:00+01:00,550.783333333,62.075,36.35,94.325,60.225,55.925,72.325,,,0.0,0.0
2013-02-04 13:00:00+01:00,542.383333333,59.6,61.2,88.875,82.55,67.3,57.45,,,0.0,5.0
2013-02-04 14:00:00+01:00,515.866666667,46.675,69.15,96.175,61.5,68.175,65.925,,,0.0,0.0
2013-02-04 15:00:00+01:00,411.8,40.35,22.475,43.7,27.175,32.075,25.15,,,0.0,0.0
2013-02-04 16:00:00+01:00,293.116666667,19.1,4.8,41.825,15.975,17.6,76.15,,,0.616666666667,0.0
2013-02-04 17:00:00+01:00,78.6,0.1,0.0,8.225,0.95,1.7,2.4,,,1.0,0.0
2013-02-04 18:00:00+01:00,0.6,103.325,84.25,96.9,93.575,108.75,69.65,,,1.0,93.3333333333
2013-02-04 19:00:00+01:00,0.0,133.95,103.575,120.2,119.2,137.25,86.45,,,1.0,100.0
2013-02-04 20:00:00+01:00,0.0,137.65,107.3,128.7,118.375,141.975,87.275,,,1.0,100.0
2013-02-04 21:00:00+01:00,0.0,28.25,22.875,27.2,24.75,29.5,18.825,,,0.0,100.0
2013-02-04 22:00:00+01:00,0.0,0.0,0.0,0.0,0.0,0.0,0.075,,,0.0,100.0
2013-02-04 23:00:00+01:00,0.0,0.0,0.0,0.0,0.0,0.0,0.0,,,0.0,100.0
2013-02-05 00:00:00+01:00,0.0,0.0,0.0,0.0,0.0,0.0,0.05,,,0.0,100.0
2013-02-05 01:00:00+01:00,0.0,0.0,0.0,0.0,0.0,0.125,0.0,,,0.0,100.0
2013-02-05 02:00:00+01:00,0.0,0.0,0.0,0.0,0.0,0.0,0.025,,,0.0,100.0
2013-02-05 03:00:00+01:00,0.0,0.0,0.0,0.0,0.0,0.05,0.05,,,0.0,100.0
2013-02-05 04:00:00+01:00,0.0,0.0,0.0,0.0,0.0,0.0,0.025,,,0.0,100.0
2013-02-05 05:00:00+01:00,0.0,0.0,0.0,0.0,0.0,0.0,0.0,,,0.0,100.0
2013-02-05 06:00:00+01:00,0.0,0.0,0.0,0.0,0.0,0.0,0.05,,,0.0,100.0
2013-02-05 07:00:00+01:00,0.183333333333,105.275,76.2,91.65,90.35,105.375,66.125,,,1.0,73.3333333333
2013-02-05 08:00:00+01:00,23.35,138.9,105.6,128.175,121.625,143.2,91.15,,,1.0,0.0
2013-02-05 09:00:00+01:00,47.9666666667,139.55,108.3,129.8,124.75,141.525,93.0,,,1.0,0.0
2013-02-05 10:00:00+01:00,69.0333333333,143.425,113.75,141.1,124.5,146.6,96.875,,,1.0,0.0
2013-02-05 11:00:00+01:00,191.916666667,204.25,161.05,182.275,172.95,189.4,132.7,,,1.0,0.0
2013-02-05 12:00:00+01:00,386.7,225.55,197.875,225.875,208.825,262.725,181.05,,,0.65,15.0
2013-02-05 13:00:00+01:00,490.683333333,218.175,224.125,217.475,230.175,215.6,194.5,,,0.0,13.3333333333
2013-02-05 14:00:00+01:00,528.366666667,149.4,261.575,237.275,196.025,246.775,215.3,,,0.0,20.0
2013-02-05 15:00:00+01:00,398.9,152.75,103.125,100.8,102.25,85.225,82.225,,,0.0666666666667,0.0
2013-02-05 16:00:00+01:00,222.516666667,167.4,139.65,162.525,169.05,179.4,169.5,,,1.0,0.0
2013-02-05 17:00:00+01:00,61.0333333333,150.65,129.15,144.55,138.475,155.2,106.575,,,1.0,0.0
2013-02-05 18:00:00+01:00,0.45,126.4,106.3,121.225,116.275,133.475,86.425,,,1.0,93.3333333333
2013-02-05 19:00:00+01:00,0.0,131.225,109.825,126.2,119.05,138.4,87.925,,,1.0,100.0
2013-02-05 20:00:00+01:00,0.0,134.85,111.35,125.825,121.975,139.9,89.5,,,1.0,100.0
2013-02-05 21:00:00+01:00,0.0,28.7,22.5,26.675,25.225,29.575,18.325,,,0.0,100.0
2013-02-05 22:00:00+01:00,0.0,0.0,0.0,0.0,0.0,0.025,0.05,,,0.0,100.0
2013-02-05 23:00:00+01:00,0.0,0.0,0.0,0.0,0.0,0.0,0.075,,,0.0,100.0
2013-02-06 00:00:00+01:00,0.0,0.0,0.0,0.0,0.0,0.025,0.025,,,0.0,100.0
2013-02-06 01:00:00+01:00,0.0,0.0,0.0,0.0,0.0,0.0,0.025,,,0.0,100.0
2013-02-06 02:00:00+01:00,0.0,0.0,0.0,0.0,0.0,0.025,0.05,,,0.0,100.0
2013-02-06 03:00:00+01:00,0.0,0.0,0.0,0.0,0.0,0.0,0.0,,,0.0,100.0
2013-02-06 04:00:00+01:00,0.0,0.0,0.0,0.0,0.0,0.0,0.05,,,0.0,100.0
2013-02-06 05:00:00+01:00,0.0,0.0,0.0,0.0,0.0,0.0,0.0,,,0.0,100.0
2013-02-06 06:00:00+01:00,0.0,0.0,0.0,0.0,0.0,0.0,0.15,,,0.0166666666667,100.0
2013-02-06 07:00:00+01:00,0.466666666667,104.95,81.75,94.2,93.7,107.175,68.125,,,1.0,68.3333333333
2013-02-06 08:00:00+01:00,26.55,141.15,111.825,136.55,121.3,145.1,92.925,,,1.0,0.0
2013-02-06 09:00:00+01:00,170.316666667,172.975,142.55,160.025,153.85,178.65,119.825,,,1.0,0.0
2013-02-06 10:00:00+01:00,326.293103448,275.75,175.1,192.5,202.675,219.075,149.625,,,0.931034482759,0.0
2013-02-06 11:00:00+01:00,523.85,410.05,263.45,209.3,239.675,183.225,130.525,,,0.0,0.0
2013-02-06 12:00:00+01:00,585.183333333,118.1,199.325,259.525,121.475,215.05,162.425,,,0.0,0.0
2013-02-06 13:00:00+01:00,465.833333333,245.8,332.4,206.275,311.05,298.025,167.275,,,0.0,0.0
2013-02-06 14:00:00+01:00,524.816666667,165.4,367.8,342.3,234.675,332.725,340.325,,,0.0,0.0
2013-02-06 15:00:00+01:00,375.783333333,185.675,133.875,82.45,123.825,63.525,58.925,,,0.0666666666667,0.0
2013-02-06 16:00:00+01:00,149.24137931,164.1,138.4,151.975,154.25,164.1,119.975,,,1.0,0.0
2013-02-06 17:00:00+01:00,98.8727272727,163.3,113.95,146.475,132.525,153.9,101.875,,,1.0,0.0
2013-02-06 18:00:00+01:00,0.547169811321,131.6,99.475,120.975,114.6,132.875,83.375,,,1.0,94.3396226415
2013-02-06 19:00:00+01:00,0.0,135.225,101.55,124.175,116.75,136.35,84.925,,,1.0,100.0
2013-02-06 20:00:00+01:00,0.0,135.3,101.8,123.7,117.125,136.775,84.65,,,0.981481481481,100.0
2013-02-06 21:00:00+01:00,0.0,28.275,21.95,26.4,24.275,28.725,17.725,,,0.0,100.0
2013-02-06 22:00:00+01:00,0.0,0.0,0.0,0.0,0.0,0.0,0.025,,,0.0,100.0
2013-02-06 23:00:00+01:00,0.0,0.0,0.0,0.025,0.0,0.0,0.125,,,0.0,100.0
2013-02-07 00:00:00+01:00,0.0,0.0,0.0,0.0,0.0,0.0,0.025,,,0.0,100.0
2013-02-07 01:00:00+01:00,0.0,0.025,0.0,0.0,0.0,0.0,0.0,,,0.0,100.0
2013-02-07 02:00:00+01:00,0.0,0.0,0.0,0.0,0.0,0.0,0.025,,,0.0,100.0
2013-02-07 03:00:00+01:00,0.0,0.0,0.0,0.0,0.0,0.15,0.05,,,0.0,100.0
2013-02-07 04:00:00+01:00,,0.0,0.0,0.0,0.0,0.0,0.025,,,,
2013-02-07 05:00:00+01:00,,0.0,0.0,0.0,0.0,0.0,0.1,,,,
2013-02-07 06:00:00+01:00,,0.0,0.0,0.025,0.025,0.025,0.05,,,,
2013-02-07 07:00:00+01:00,,108.275,81.475,98.4,90.2,109.025,66.65,,,,
2013-02-07 08:00:00+01:00,,151.725,116.525,136.55,135.7,159.6,97.875,,,,
2013-02-07 09:00:00+01:00,323.304347826,168.675,146.575,154.225,153.7,182.525,119.75,,,1.0,0.0
2013-02-07 10:00:00+01:00,416.866666667,246.85,108.675,121.175,148.325,135.75,97.75,,,0.233333333333,0.0
2013-02-07 11:00:00+01:00,523.016666667,418.1,258.9,177.875,221.5,155.475,124.85,,,0.0,0.0
2013-02-07 12:00:00+01:00,582.966666667,91.9,194.0,224.225,94.4,199.45,110.4,,,0.0,0.0
2013-02-07 13:00:00+01:00,585.466666667,290.125,425.85,228.175,368.3,379.925,231.4,,,0.0,0.0
2013-02-07 14:00:00+01:00,541.833333333,193.5,342.1,376.825,234.85,327.375,366.3,,,0.0,0.0
2013-02-07 15:00:00+01:00,409.933333333,201.475,140.2,89.4,140.7,65.4,60.925,,,0.0,0.0
2013-02-07 16:00:00+01:00,286.933333333,104.1,86.05,114.075,139.375,132.6,138.025,,,0.616666666667,0.0
2013-02-07 17:00:00+01:00,105.616666667,166.625,96.625,149.575,142.2,163.225,105.75,,,1.0,0.0
2013-02-07 18:00:00+01:00,0.754716981132,131.975,76.475,125.175,115.125,138.425,84.3,,,1.0,92.4528301887
2013-02-07 19:00:00+01:00,,131.85,77.2,125.175,115.725,137.65,85.175,,,,
2013-02-07 20:00:00+01:00,,129.175,78.475,127.075,115.375,136.7,86.3,,,,
2013-02-07 21:00:00+01:00,,27.775,16.175,25.7,24.2,28.8,17.95,,,,
2013-02-07 22:00:00+01:00,,0.0,0.0,0.0,0.0,0.0,0.025,,,,
2013-02-07 23:00:00+01:00,,0.0,0.0,0.0,0.0,0.0,0.05,,,,
2013-02-08 00:00:00+01:00,,0.0,0.0,0.0,0.0,0.0,0.0,,,,
2013-02-08 01:00:00+01:00,,0.0,0.0,0.0,0.0,0.0,0.025,,,,
2013-02-08 02:00:00+01:00,,0.0,0.0,0.0,0.025,0.025,0.0,,,,
2013-02-08 03:00:00+01:00,,0.0,0.0,0.0,0.0,0.0,0.15,,,,
2013-02-08 04:00:00+01:00,,0.0,0.0,0.0,0.0,0.0,0.0,,,,
2013-02-08 05:00:00+01:00,,0.0,0.0,0.0,0.0,0.1,0.1,,,,
2013-02-08 06:00:00+01:00,,0.0,0.0,0.1,0.025,0.025,0.125,,,,
2013-02-08 07:00:00+01:00,,103.125,56.75,93.925,88.975,104.5,65.475,,,,
2013-02-08 08:00:00+01:00,,143.875,81.025,136.875,123.1,145.7,94.65,,,,
2013-02-08 09:00:00+01:00,,181.0,113.525,165.825,161.375,178.125,126.175,,,,
2013-02-08 10:00:00+01:00,507.222222222,295.0,122.5,167.075,198.9,165.95,140.05,,,0.0,0.0
2013-02-08 11:00:00+01:00,557.633333333,424.1,259.7,211.85,238.2,174.175,148.7,,,0.0,0.0
2013-02-08 12:00:00+01:00,600.55,184.8,201.275,273.075,150.3,208.3,171.45,,,0.0,0.0
2013-02-08 13:00:00+01:00,560.916666667,203.025,330.15,232.0,274.425,306.25,222.8,,,0.0,0.0
2013-02-08 14:00:00+01:00,629.166666667,255.875,352.3,416.3,303.05,355.825,348.45,,,0.0,0.0
2013-02-08 15:00:00+01:00,442.566666667,228.9,124.475,82.675,166.95,82.225,75.05,,,0.0,0.0
2013-02-08 16:00:00+01:00,284.716666667,138.675,105.375,148.175,154.075,153.65,146.175,,,0.816666666667,0.0
2013-02-08 17:00:00+01:00,100.85,157.675,88.525,145.3,136.025,156.375,103.125,,,1.0,0.0
2013-02-08 18:00:00+01:00,1.08333333333,128.7,71.1,119.775,115.825,134.15,82.575,,,1.0,93.3333333333
2013-02-08 19:00:00+01:00,0.0,127.55,69.425,120.075,114.825,133.025,82.35,,,1.0,100.0
2013-02-08 20:00:00+01:00,0.0,130.675,70.5,120.85,117.55,134.825,83.9,,,1.0,100.0
2013-02-08 21:00:00+01:00,0.0,27.325,14.65,26.05,24.45,28.45,17.7,,,0.0,100.0
2013-02-08 22:00:00+01:00,0.0,0.0,0.0,0.0,0.0,0.0,0.05,,,0.0,100.0
2013-02-08 23:00:00+01:00,0.0,0.0,0.0,0.0,0.0,0.0,0.1,,,0.0,100.0
2013-02-09 00:00:00+01:00,0.0,0.0,0.0,0.0,0.0,0.05,0.0,,,0.0,100.0
2013-02-09 01:00:00+01:00,0.0,0.0,0.0,0.0,0.0,0.0,0.05,,,0.0,100.0
2013-02-09 02:00:00+01:00,0.0,0.0,0.0,0.0,0.1,0.0,0.025,,,0.0,100.0
2013-02-09 03:00:00+01:00,0.0,0.0,0.0,0.0,0.0,0.0,0.05,,,0.0,100.0
2013-02-09 04:00:00+01:00,0.0,0.0,0.0,0.05,0.0,0.0,0.05,,,0.0,100.0
2013-02-09 05:00:00+01:00,0.0,0.0,0.0,0.0,0.0,0.0,0.075,,,0.0,100.0
2013-02-09 06:00:00+01:00,0.0,105.325,53.15,97.85,89.075,106.85,66.075,,,1.0,100.0
2013-02-09 07:00:00+01:00,1.23076923077,133.7,67.8,124.9,115.125,136.125,84.775,,,1.0,59.6153846154
2013-02-09 08:00:00+01:00,85.7884615385,150.925,85.975,139.65,141.4,157.625,103.325,,,1.0,0.0
2013-02-09 09:00:00+01:00,221.518518519,172.95,112.25,163.55,156.3,176.425,121.35,,,1.0,0.0
2013-02-09 10:00:00+01:00,402.094339623,251.3,75.25,125.025,153.1,109.35,102.2,,,0.207547169811,0.0
2013-02-09 11:00:00+01:00,389.811320755,338.325,195.375,189.225,217.95,177.125,145.875,,,0.301886792453,0.0
2013-02-09 12:00:00+01:00,603.226415094,133.9,151.175,216.25,124.875,211.9,134.2,,,0.0,0.0
2013-02-09 13:00:00+01:00,571.296296296,342.4,436.425,333.9,392.8,409.325,320.4,,,0.0,0.0
2013-02-09 14:00:00+01:00,529.537037037,232.325,292.1,340.95,273.675,282.025,324.8,,,0.0,0.0
2013-02-09 15:00:00+01:00,419.403508772,201.45,124.65,83.275,167.0,83.375,75.9,,,0.0,0.0
2013-02-09 16:00:00+01:00,101.016666667,154.35,105.675,148.975,165.175,156.85,118.425,,,0.966666666667,0.0
2013-02-09 17:00:00+01:00,22.9333333333,143.0,83.375,138.025,129.325,148.25,97.5,,,1.0,0.0
2013-02-09 18:00:00+01:00,0.35593220339,123.8,69.35,122.25,111.375,130.85,83.15,,,1.0,81.3559322034
2013-02-09 19:00:00+01:00,0.0,132.4,71.475,126.55,115.85,137.325,84.825,,,1.0,100.0
2013-02-09 20:00:00+01:00,0.0,132.925,71.625,124.15,117.65,136.7,85.35,,,0.983333333333,100.0
2013-02-09 21:00:00+01:00,0.0,24.1,14.375,24.425,21.675,25.675,16.825,,,0.0,100.0
2013-02-09 22:00:00+01:00,0.0,0.0,0.0,0.0,0.0,0.0,0.025,,,0.0,100.0
2013-02-09 23:00:00+01:00,0.0,0.0,0.0,0.0,0.0,0.125,0.0,,,0.0,100.0
2013-02-10 00:00:00+01:00,0.0,0.0,0.0,0.025,0.0,0.0,0.0,,,0.0,100.0
2013-02-10 01:00:00+01:00,0.0,0.0,0.0,0.0,0.0,0.0,0.1,,,0.0,100.0
2013-02-10 02:00:00+01:00,0.0,0.0,0.0,0.0,0.0,0.0,0.05,,,0.0,100.0
2013-02-10 03:00:00+01:00,0.0,0.0,0.0,0.025,0.0,0.0,0.1,,,0.0,100.0
2013-02-10 04:00:00+01:00,0.0,0.0,0.0,0.0,0.0,0.0,0.075,,,0.0,100.0
2013-02-10 05:00:00+01:00,0.0,0.0,0.0,0.0,0.0,0.0,0.025,,,0.0166666666667,100.0
2013-02-10 06:00:00+01:00,0.0,105.975,56.55,99.7,92.625,108.025,68.475,,,1.0,100.0
2013-02-10 07:00:00+01:00,0.283333333333,139.8,69.95,128.75,119.25,140.95,85.925,,,1.0,60.0
2013-02-10 08:00:00+01:00,11.5166666667,136.9,72.075,131.925,118.55,139.525,87.55,,,1.0,0.0
2013-02-10 09:00:00+01:00,52.7833333333,157.2,88.4,145.775,139.3,156.325,104.3,,,1.0,0.0
2013-02-10 10:00:00+01:00,83.6,177.0,104.825,163.35,159.025,173.4,121.575,,,1.0,0.0
2013-02-10 11:00:00+01:00,85.7,192.625,117.175,181.775,171.55,188.575,135.1,,,1.0,0.0
2013-02-10 12:00:00+01:00,59.0166666667,166.225,94.6,158.15,147.125,165.475,113.475,,,1.0,0.0
2013-02-10 13:00:00+01:00,54.5,168.95,96.75,160.15,149.725,167.275,115.575,,,1.0,0.0
2013-02-10 14:00:00+01:00,30.55,152.575,83.1,144.4,135.225,152.325,102.075,,,1.0,0.0
2013-02-10 15:00:00+01:00,25.3666666667,146.3,75.625,135.675,129.125,145.4,95.75,,,1.0,0.0
2013-02-10 16:00:00+01:00,22.1333333333,146.075,73.6,137.575,126.275,145.45,94.15,,,1.0,0.0
2013-02-10 17:00:00+01:00,5.75,137.825,62.1,123.25,117.7,136.825,84.0,,,1.0,0.0
2013-02-10 18:00:00+01:00,0.0,126.175,60.95,116.725,109.8,128.0,79.075,,,1.0,81.6666666667
2013-02-10 19:00:00+01:00,0.0,123.0,68.95,119.2,111.45,128.3,82.9,,,1.0,100.0
2013-02-10 20:00:00+01:00,0.0,128.95,66.675,119.5,114.975,132.4,83.525,,,1.0,100.0
2013-02-10 21:00:00+01:00,0.0,26.35,14.1,25.9,23.4,27.45,17.5,,,0.0,100.0
2013-02-10 22:00:00+01:00,0.0,0.0,0.0,0.0,0.025,0.0,0.0,,,0.0,100.0
2013-02-10 23:00:00+01:00,0.0,0.0,0.0,0.0,0.0,0.0,0.0,,,0.0,100.0
2013-02-11 00:00:00+01:00,0.0,0.0,0.0,0.0,0.0,0.0,0.0,,,0.0,100.0
2013-02-11 01:00:00+01:00,0.0,0.0,0.0,0.025,0.0,0.0,0.0,,,0.0,100.0
2013-02-11 02:00:00+01:00,0.0,0.0,0.0,0.025,0.0,0.0,0.025,,,0.0,100.0
2013-02-11 03:00:00+01:00,0.0,0.0,0.0,0.0,0.0,0.0,0.1,,,0.0,100.0
2013-02-11 04:00:00+01:00,0.0,0.0,0.0,0.0,0.025,0.0,0.05,,,0.0,100.0
2013-02-11 05:00:00+01:00,0.0,0.0,0.0,0.0,0.0,0.0,0.125,,,0.0,100.0
2013-02-11 06:00:00+01:00,0.0,102.025,50.95,94.6,87.85,103.0,64.925,,,1.0,100.0
2013-02-11 07:00:00+01:00,0.183333333333,136.975,64.775,124.25,116.875,137.025,84.35,,,1.0,60.0
2013-02-11 08:00:00+01:00,25.5,138.2,66.925,128.075,118.775,138.1,88.075,,,1.0,0.0
2013-02-11 09:00:00+01:00,51.8833333333,158.775,86.425,147.55,139.525,156.25,105.975,,,1.0,0.0
2013-02-11 10:00:00+01:00,68.6833333333,163.65,92.85,155.325,144.3,162.225,111.0,,,1.0,0.0
2013-02-11 11:00:00+01:00,142.2,207.7,122.575,192.2,182.675,200.0,143.325,,,1.0,0.0
2013-02-11 12:00:00+01:00,344.483333333,280.45,199.75,257.675,253.025,268.275,211.525,,,0.883333333333,0.0
2013-02-11 13:00:00+01:00,497.666666667,286.35,345.85,325.4,327.95,344.75,316.4,,,0.0,0.0
2013-02-11 14:00:00+01:00,419.933333333,229.575,286.275,306.6,269.65,222.0,296.725,,,0.0,0.0
2013-02-11 15:00:00+01:00,379.45,185.025,112.375,110.025,158.075,129.375,92.7,,,0.333333333333,0.0
2013-02-11 16:00:00+01:00,184.433333333,105.075,79.4,102.8,155.825,123.875,136.175,,,0.666666666667,0.0
2013-02-11 17:00:00+01:00,107.216666667,166.25,113.375,156.475,147.85,168.475,115.2,,,1.0,0.0
2013-02-11 18:00:00+01:00,0.85,127.2,72.775,120.1,113.275,132.3,82.125,,,1.0,81.6666666667
2013-02-11 19:00:00+01:00,0.0,124.125,71.925,121.925,109.3,130.575,81.775,,,1.0,100.0
2013-02-11 20:00:00+01:00,0.0,125.375,71.25,122.725,110.75,130.6,83.525,,,1.0,100.0
2013-02-11 21:00:00+01:00,0.0,27.775,15.15,25.925,24.425,28.25,17.85,,,0.0,100.0
2013-02-11 22:00:00+01:00,0.0,0.0,0.0,0.0,0.0,0.0,0.0,,,0.0,100.0
2013-02-11 23:00:00+01:00,0.0,0.0,0.0,0.0,0.0,0.0,0.2,,,0.0,100.0
2013-02-12 00:00:00+01:00,0.0,0.0,0.0,0.0,0.0,0.0,0.025,,,0.0,100.0
2013-02-12 01:00:00+01:00,0.0,0.0,0.0,0.025,0.0,0.0,0.05,,,0.0,100.0
2013-02-12 02:00:00+01:00,0.0,0.0,0.0,0.0,0.0,0.0,0.025,,,0.0,100.0
2013-02-12 03:00:00+01:00,0.0,0.0,0.0,0.0,0.0,0.0,0.05,,,0.0,100.0
2013-02-12 04:00:00+01:00,0.0,0.0,0.0,0.0,0.0,0.0,0.025,,,0.0,100.0
2013-02-12 05:00:00+01:00,0.0,0.0,0.0,0.0,0.0,0.0,0.2,,,0.0,100.0
2013-02-12 06:00:00+01:00,0.0,109.125,56.3,99.6,90.075,109.2,67.0,,,1.0,100.0
2013-02-12 07:00:00+01:00,0.730769230769,132.475,72.55,124.4,112.95,134.575,84.875,,,1.0,59.6153846154
2013-02-12 08:00:00+01:00,40.7647058824,144.35,79.1,134.65,123.125,144.1,92.325,,,1.0,0.0
2013-02-12 09:00:00+01:00,136.735849057,171.0,106.275,163.375,149.225,169.9,118.775,,,1.0,0.0
2013-02-12 10:00:00+01:00,430.339622642,282.25,121.0,158.475,188.6,154.15,130.8,,,0.283018867925,0.0
2013-02-12 11:00:00+01:00,482.433962264,281.1,219.375,211.725,184.825,146.95,194.2,,,0.0,0.0
2013-02-12 12:00:00+01:00,482.518518519,133.975,143.7,229.375,120.675,164.25,145.6,,,0.0,0.0
2013-02-12 13:00:00+01:00,330.037037037,234.825,216.725,237.7,231.65,233.25,203.825,,,0.425925925926,0.0
2013-02-12 14:00:00+01:00,204.735849057,269.9,186.9,252.075,232.375,246.7,185.25,,,1.0,0.0
2013-02-12 15:00:00+01:00,361.896551724,228.975,142.85,186.85,182.4,192.6,149.825,,,0.586206896552,0.0
2013-02-12 16:00:00+01:00,226.45,166.775,105.05,163.725,168.175,157.7,119.55,,,0.883333333333,0.0
2013-02-12 17:00:00+01:00,113.266666667,185.475,103.05,160.325,147.3,168.85,112.4,,,1.0,0.0
2013-02-12 18:00:00+01:00,0.933333333333,133.45,53.775,116.0,108.125,126.3,77.55,,,1.0,81.6666666667
2013-02-12 19:00:00+01:00,0.0,133.925,56.275,115.95,109.45,128.625,77.825,,,1.0,100.0
2013-02-12 20:00:00+01:00,0.0,129.4,72.95,123.15,113.625,132.875,83.675,,,1.0,100.0
2013-02-12 21:00:00+01:00,0.0,28.85,15.8,26.575,25.075,29.175,18.175,,,0.0,100.0
2013-02-12 22:00:00+01:00,0.0,0.0,0.0,0.05,0.0,0.0,0.025,,,0.0,100.0
2013-02-12 23:00:00+01:00,0.0,0.0,0.0,0.0,0.0,0.0,0.0,,,0.0,100.0
2013-02-13 00:00:00+01:00,0.0,0.025,0.0,0.0,0.0,0.0,0.025,,,0.0,100.0
2013-02-13 01:00:00+01:00,0.0,0.0,0.0,0.0,0.025,0.0,0.025,,,0.0,100.0
2013-02-13 02:00:00+01:00,0.0,0.0,0.0,0.0,0.0,0.0,0.0,,,0.0,100.0
2013-02-13 03:00:00+01:00,0.0,0.0,0.0,0.0,0.0,0.0,0.15,,,0.0,100.0
2013-02-13 04:00:00+01:00,0.0,0.0,0.0,0.0,0.0,0.0,0.025,,,0.0,100.0
2013-02-13 05:00:00+01:00,0.0,0.0,0.0,0.0,0.0,0.0,0.025,,,0.0,100.0
2013-02-13 06:00:00+01:00,0.0,106.475,49.8,89.3,89.075,101.225,64.075,,,1.0,100.0
2013-02-13 07:00:00+01:00,1.68333333333,144.5,62.6,127.65,113.725,137.35,85.075,,,1.0,60.0
2013-02-13 08:00:00+01:00,59.3833333333,157.9,71.375,137.5,135.625,149.25,96.675,,,1.0,0.0
2013-02-13 09:00:00+01:00,260.716666667,183.25,91.375,158.575,152.975,171.075,121.075,,,1.0,0.0
2013-02-13 10:00:00+01:00,432.7,296.75,73.65,121.1,154.35,120.1,105.55,,,0.15,0.0
2013-02-13 11:00:00+01:00,533.116666667,374.95,175.475,239.875,197.7,138.875,166.35,,,0.0,0.0
2013-02-13 12:00:00+01:00,598.2,140.325,107.35,193.375,121.725,168.7,172.475,,,0.0,0.0
2013-02-13 13:00:00+01:00,597.433333333,350.0,444.975,337.25,404.625,442.3,322.425,,,0.0,0.0
2013-02-13 14:00:00+01:00,557.8,253.725,310.275,351.0,309.175,242.675,372.325,,,0.0,0.0
2013-02-13 15:00:00+01:00,454.55,247.425,124.2,92.825,208.225,153.85,65.875,,,0.0,0.0
2013-02-13 16:00:00+01:00,302.716666667,104.625,62.575,126.0,144.05,115.15,119.65,,,0.55,0.0
2013-02-13 17:00:00+01:00,127.65,171.875,90.85,144.225,132.975,153.575,102.05,,,1.0,0.0
2013-02-13 18:00:00+01:00,2.06666666667,133.6,51.125,117.975,103.0,125.95,78.35,,,1.0,81.6666666667
2013-02-13 19:00:00+01:00,0.0,132.125,51.475,114.625,102.4,125.425,76.9,,,1.0,100.0
2013-02-13 20:00:00+01:00,0.0,130.75,56.85,119.625,103.775,128.1,78.725,,,1.0,100.0
2013-02-13 21:00:00+01:00,0.0,28.55,12.7,25.275,22.675,27.675,16.975,,,0.0,100.0
2013-02-13 22:00:00+01:00,0.0,0.0,0.0,0.0,0.0,0.0,0.0,,,0.0,100.0
2013-02-13 23:00:00+01:00,0.0,0.0,0.0,0.0,0.0,0.0,0.025,,,0.0,100.0
2013-02-14 00:00:00+01:00,0.0,0.0,0.0,0.0,0.0,0.05,0.025,,,0.0,100.0
2013-02-14 01:00:00+01:00,0.0,0.0,0.0,0.0,0.0,0.0,0.0,,,0.0,100.0
2013-02-14 02:00:00+01:00,0.0,0.0,0.0,0.0,0.0,0.0,0.025,,,0.0,100.0
2013-02-14 03:00:00+01:00,0.0,0.0,0.0,0.025,0.0,0.025,0.0,,,0.0,100.0
2013-02-14 04:00:00+01:00,0.0,0.025,0.0,0.0,0.0,0.025,0.0,,,0.0,100.0
2013-02-14 05:00:00+01:00,0.0,0.0,0.0,0.0,0.0,0.0,0.0,,,0.0166666666667,100.0
2013-02-14 06:00:00+01:00,0.0,105.1,48.9,93.575,84.8,100.35,64.45,,,1.0,100.0
2013-02-14 07:00:00+01:00,2.61666666667,139.925,58.35,125.675,106.55,132.05,82.45,,,1.0,58.3333333333
2013-02-14 08:00:00+01:00,36.65,144.85,64.125,135.25,112.0,137.95,90.3,,,1.0,0.0
2013-02-14 09:00:00+01:00,152.35,186.95,96.075,164.3,152.6,172.325,123.25,,,1.0,0.0
2013-02-14 10:00:00+01:00,363.65,349.325,133.875,216.925,222.95,193.375,162.125,,,0.666666666667,0.0
2013-02-14 11:00:00+01:00,523.816666667,345.775,215.775,263.1,210.825,146.625,182.825,,,0.0,0.0
2013-02-14 12:00:00+01:00,560.633333333,135.95,133.425,197.0,124.9,167.4,183.325,,,0.0,0.0
2013-02-14 13:00:00+01:00,567.7,316.6,417.2,322.85,313.225,398.525,319.925,,,0.0,0.0
2013-02-14 14:00:00+01:00,349.5,151.825,211.5,246.625,243.45,206.7,281.925,,,0.35,0.0
2013-02-14 15:00:00+01:00,330.316666667,269.475,189.7,238.275,236.525,243.65,190.25,,,0.85,0.0
2013-02-14 16:00:00+01:00,303.15,113.7,102.7,143.4,159.575,129.55,146.475,,,0.466666666667,0.0
2013-02-14 17:00:00+01:00,136.216666667,163.725,109.65,155.275,139.625,162.4,112.125,,,1.0,0.0
2013-02-14 18:00:00+01:00,1.95,127.4,68.5,121.65,109.05,130.125,82.925,,,1.0,70.0
2013-02-14 19:00:00+01:00,0.0,124.375,66.9,116.725,108.125,127.825,81.35,,,1.0,100.0
2013-02-14 20:00:00+01:00,0.0,129.275,68.35,124.075,109.25,132.225,83.4,,,1.0,100.0
2013-02-14 21:00:00+01:00,0.0,29.675,14.6,26.7,24.175,29.275,17.725,,,0.0,100.0
2013-02-14 22:00:00+01:00,0.0,0.0,0.0,0.0,0.0,0.0,0.05,,,0.0,100.0
2013-02-14 23:00:00+01:00,0.0,0.0,0.0,0.0,0.0,0.0,0.0,,,0.0,100.0
2013-02-15 00:00:00+01:00,0.0,0.0,0.0,0.0,0.0,0.075,0.0,,,0.0,100.0
2013-02-15 01:00:00+01:00,0.0,0.0,0.0,0.0,0.0,0.0,0.0,,,0.0,100.0
2013-02-15 02:00:00+01:00,0.0,0.0,0.0,0.0,0.0,0.0,0.075,,,0.0,100.0
2013-02-15 03:00:00+01:00,0.0,0.0,0.0,0.0,0.0,0.0,0.025,,,0.0,100.0
2013-02-15 04:00:00+01:00,0.0,0.0,0.0,0.0,0.0,0.1,0.1,,,0.0,100.0
2013-02-15 05:00:00+01:00,0.0,0.0,0.0,0.0,0.0,0.05,0.0,,,0.0188679245283,100.0
2013-02-15 06:00:00+01:00,0.0,99.4,54.45,93.075,85.1,100.0,64.775,,,1.0,100.0
2013-02-15 07:00:00+01:00,4.20754716981,130.25,68.95,120.925,110.875,130.525,83.825,,,1.0,47.1698113208
2013-02-15 08:00:00+01:00,88.679245283,154.35,86.5,141.1,145.025,152.55,103.775,,,1.0,0.0
2013-02-15 09:00:00+01:00,220.283018868,173.0,117.675,170.375,152.7,173.675,125.425,,,1.0,0.0
2013-02-15 10:00:00+01:00,460.433962264,296.65,93.025,121.95,154.95,105.35,111.05,,,0.0754716981132,0.0
2013-02-15 11:00:00+01:00,570.905660377,370.5,244.225,288.275,232.65,172.2,225.95,,,0.0,0.0
2013-02-15 12:00:00+01:00,641.679245283,154.1,119.8,169.85,106.85,141.475,225.825,,,0.0,0.0
2013-02-15 13:00:00+01:00,614.018867925,369.775,513.925,370.25,310.1,491.05,362.6,,,0.0,0.0
2013-02-15 14:00:00+01:00,576.185185185,270.4,340.1,377.35,296.3,250.8,420.85,,,0.0,0.0
2013-02-15 15:00:00+01:00,470.886792453,240.175,157.375,123.45,235.4,123.675,65.75,,,0.0,0.0
2013-02-15 16:00:00+01:00,315.036363636,78.15,80.475,124.525,147.025,103.85,123.175,,,0.490909090909,0.0
2013-02-15 17:00:00+01:00,140.551724138,195.8,151.1,188.1,154.4,182.5,121.4,,,1.0,0.0
2013-02-15 18:00:00+01:00,2.71666666667,137.9,93.8,125.9,115.2,126.5,82.8,,,1.0,70.0
2013-02-15 19:00:00+01:00,0.0,139.525,96.475,131.55,121.225,142.025,89.15,,,1.0,100.0
2013-02-15 20:00:00+01:00,0.0,136.85,101.125,132.5,120.525,144.225,95.325,,,1.0,100.0
2013-02-15 21:00:00+01:00,0.0,50.9,39.55,44.75,40.7,40.1,30.05,,,0.0,100.0
2013-02-15 22:00:00+01:00,0.0,21.475,21.4,20.25,23.075,20.3,16.4,,,0.0,100.0
2013-02-15 23:00:00+01:00,0.0,18.45,27.175,22.525,24.025,22.525,14.025,,,0.0,100.0
2013-02-16 00:00:00+01:00,0.0,25.9,23.075,21.475,19.9,22.225,15.575,,,0.0,100.0
2013-02-16 01:00:00+01:00,0.0,25.875,25.4,22.4,22.525,19.375,15.575,,,0.0,100.0
2013-02-16 02:00:00+01:00,0.0,24.45,29.575,25.75,20.975,21.25,13.8,,,0.0,100.0
2013-02-16 03:00:00+01:00,0.0,21.975,21.725,21.875,17.675,18.45,12.75,,,0.0,100.0
2013-02-16 04:00:00+01:00,0.0,25.825,23.85,22.975,22.4,18.225,15.125,,,0.0,100.0
2013-02-16 05:00:00+01:00,0.0,23.375,19.875,20.1,19.4,14.05,15.35,,,0.0,100.0
2013-02-16 06:00:00+01:00,0.0,113.4,80.95,102.75,92.4,108.925,74.45,,,1.0,100.0
2013-02-16 07:00:00+01:00,,147.15,95.05,135.35,120.65,137.25,95.55,,,,
2013-02-16 08:00:00+01:00,,149.275,104.5,143.025,132.8,153.525,105.175,,,,
2013-02-16 09:00:00+01:00,,168.3,128.35,149.45,152.75,163.475,118.975,,,,
2013-02-16 10:00:00+01:00,,107.925,59.45,74.925,83.9,63.775,57.925,,,,
2013-02-16 11:00:00+01:00,,100.475,98.2,94.1,86.85,71.475,81.325,,,,
2013-02-16 12:00:00+01:00,,168.9,109.225,99.575,89.5,140.7,181.15,,,,
2013-02-16 13:00:00+01:00,,180.7,240.55,238.65,158.175,205.525,259.45,,,,
2013-02-16 14:00:00+01:00,,99.5,126.625,160.85,123.4,107.475,132.7,,,,
2013-02-16 15:00:00+01:00,,101.4,78.025,92.45,87.1,71.025,52.4,,,,
2013-02-16 16:00:00+01:00,,114.25,114.65,138.5,169.05,130.525,147.075,,,,
2013-02-16 17:00:00+01:00,,179.25,132.475,168.725,151.25,173.95,125.85,,,,
2013-02-16 18:00:00+01:00,,135.025,102.325,132.35,128.05,136.825,94.3,,,,
2013-02-16 19:00:00+01:00,,132.45,93.1,126.825,122.075,138.35,89.1,,,,
2013-02-16 20:00:00+01:00,,140.05,99.275,133.75,120.825,141.05,92.9,,,,
2013-02-16 21:00:00+01:00,,45.875,41.875,45.525,42.45,44.875,29.1,,,,
2013-02-16 22:00:00+01:00,,21.9,28.025,25.3,21.6,20.825,14.75,,,,
2013-02-16 23:00:00+01:00,,21.175,26.675,24.675,25.75,18.625,18.225,,,,
2013-02-17 00:00:00+01:00,,24.925,23.0,22.7,22.0,22.225,14.225,,,,
2013-02-17 01:00:00+01:00,,24.45,25.825,23.5,22.65,19.925,16.775,,,,
2013-02-17 02:00:00+01:00,,20.95,24.525,21.15,23.1,18.925,14.5,,,,
2013-02-17 03:00:00+01:00,,31.125,29.275,22.2,23.975,20.625,15.225,,,,
2013-02-17 04:00:00+01:00,,24.675,33.475,23.375,24.5,25.425,17.75,,,,
2013-02-17 05:00:00+01:00,,22.275,28.75,23.925,28.375,25.925,19.4,,,,
2013-02-17 06:00:00+01:00,,103.525,82.575,102.6,94.725,105.625,72.125,,,,
2013-02-17 07:00:00+01:00,,147.5,101.025,131.725,113.6,149.775,89.375,,,,
2013-02-17 08:00:00+01:00,,153.95,112.675,146.675,156.675,160.9,112.925,,,,
2013-02-17 09:00:00+01:00,,177.375,153.325,178.65,162.475,191.65,139.1,,,,
2013-02-17 10:00:00+01:00,,208.95,133.925,142.1,170.175,150.425,125.475,,,,
2013-02-17 11:00:00+01:00,,222.9,215.2,235.375,189.075,198.3,198.325,,,,
2013-02-17 12:00:00+01:00,,208.45,185.65,180.8,160.15,189.45,181.975,,,,
2013-02-17 13:00:00+01:00,,284.425,424.4,344.15,237.025,417.7,357.625,,,,
2013-02-17 14:00:00+01:00,,246.85,309.95,311.7,323.425,285.7,347.7,,,,
2013-02-17 15:00:00+01:00,,240.075,187.075,150.425,193.975,162.775,123.1,,,,
2013-02-17 16:00:00+01:00,,170.425,148.35,171.6,190.45,168.975,164.4,,,,
2013-02-17 17:00:00+01:00,,180.65,127.375,168.1,154.7,174.7,127.85,,,,
2013-02-17 18:00:00+01:00,,146.55,100.8,140.95,128.7,141.05,94.125,,,,
2013-02-17 19:00:00+01:00,,124.725,90.9,125.375,120.325,137.95,91.225,,,,
2013-02-17 20:00:00+01:00,,141.675,102.5,131.4,123.45,136.125,91.425,,,,
2013-02-17 21:00:00+01:00,,48.575,36.175,44.675,43.65,42.2,34.525,,,,
2013-02-17 22:00:00+01:00,,24.975,28.575,25.075,23.775,18.425,18.5,,,,
2013-02-17 23:00:00+01:00,,22.3,23.85,22.65,23.45,22.675,17.3,,,,
2013-02-18 00:00:00+01:00,,23.625,26.575,18.875,25.575,19.0,15.925,,,,
2013-02-18 01:00:00+01:00,,22.875,27.0,25.85,22.125,25.7,17.45,,,,
2013-02-18 02:00:00+01:00,,24.775,24.85,23.45,21.45,21.05,17.25,,,,
2013-02-18 03:00:00+01:00,,27.7,32.05,19.475,26.95,23.725,14.1,,,,
2013-02-18 04:00:00+01:00,,21.4,32.125,23.625,25.125,23.6,19.9,,,,
2013-02-18 05:00:00+01:00,,22.375,36.425,23.625,25.5,28.6,18.725,,,,
2013-02-18 06:00:00+01:00,,107.675,78.525,105.25,89.6,108.2,71.2,,,,
2013-02-18 07:00:00+01:00,,135.975,99.85,135.5,116.1,142.35,90.025,,,,
2013-02-18 08:00:00+01:00,52.75,157.225,99.85,141.4,125.0,146.25,97.95,,,1.0,0.0
2013-02-18 09:00:00+01:00,84.0,177.025,122.425,169.6,151.825,171.175,123.25,,,1.0,0.0
2013-02-18 10:00:00+01:00,106.016666667,189.075,144.525,181.95,182.8,191.35,145.925,,,1.0,0.0
2013-02-18 11:00:00+01:00,105.45,199.975,152.725,206.6,191.05,216.6,162.625,,,1.0,0.0
2013-02-18 12:00:00+01:00,73.15,190.9,138.975,186.625,168.65,173.975,153.375,,,1.0,0.0
2013-02-18 13:00:00+01:00,48.9666666667,168.95,132.625,165.725,161.15,180.2,127.65,,,1.0,0.0
2013-02-18 14:00:00+01:00,86.2833333333,193.15,141.35,179.6,175.225,185.55,139.025,,,1.0,0.0
2013-02-18 15:00:00+01:00,66.4833333333,182.125,144.85,190.8,164.95,165.6,140.55,,,1.0,0.0
2013-02-18 16:00:00+01:00,55.9666666667,173.025,132.825,165.175,156.65,169.5,122.6,,,1.0,0.0
2013-02-18 17:00:00+01:00,38.7,518.625,478.8,509.675,505.6,526.675,464.975,,,1.0,0.0
2013-02-18 18:00:00+01:00,1.3,149.675,116.2,144.525,119.775,149.575,94.65,1221.9,1249.35,1.0,86.6666666667
2013-02-18 19:00:00+01:00,0.0,139.15,101.1,144.25,130.325,149.6,100.575,159.05,191.4,1.0,100.0
2013-02-18 20:00:00+01:00,0.0,145.775,103.075,147.825,137.825,142.1,101.4,148.05,191.775,0.983333333333,100.0
2013-02-18 21:00:00+01:00,0.0,56.425,55.975,58.175,56.75,50.975,43.65,86.875,132.475,0.0,100.0
2013-02-18 22:00:00+01:00,0.0,30.625,31.275,28.575,34.725,33.725,26.6,109.125,80.325,0.0,100.0
2013-02-18 23:00:00+01:00,0.0,27.975,29.725,32.275,29.075,30.1,24.1,97.8,82.025,0.0,100.0
2013-02-19 00:00:00+01:00,0.0,28.35,30.45,32.45,30.4,25.175,26.375,89.55,79.625,0.0,100.0
2013-02-19 01:00:00+01:00,0.0,27.575,30.975,32.2,31.2,30.85,23.125,91.65,94.525,0.0,100.0
2013-02-19 02:00:00+01:00,0.0,28.825,23.925,31.525,35.525,30.9,26.225,102.9,78.0,0.0,100.0
2013-02-19 03:00:00+01:00,0.0,23.275,32.025,32.325,30.85,30.7,19.675,109.325,85.25,0.0,100.0
2013-02-19 04:00:00+01:00,0.0,28.275,28.7,32.375,34.725,30.325,26.55,101.75,93.575,0.0,100.0
2013-02-19 05:00:00+01:00,0.0,34.5,34.9,28.975,23.625,34.0,25.975,103.5,81.15,0.0,100.0
2013-02-19 06:00:00+01:00,0.0,116.625,93.875,118.525,114.075,122.425,84.875,161.75,154.725,1.0,100.0
2013-02-19 07:00:00+01:00,3.82692307692,167.125,117.575,119.125,131.8,157.325,113.475,163.35,213.55,1.0,100.0
2013-02-19 08:00:00+01:00,101.79245283,167.4,122.175,159.8,163.325,157.9,117.725,183.225,237.8,1.0,0.0
2013-02-19 09:00:00+01:00,232.226415094,217.9,154.425,190.35,180.15,202.55,150.95,201.425,294.825,1.0,0.0
2013-02-19 10:00:00+01:00,430.811320755,300.25,132.025,172.8,227.55,158.175,167.425,213.05,203.5,0.188679245283,0.0
2013-02-19 11:00:00+01:00,433.698113208,337.35,208.45,230.65,207.65,183.2,218.25,242.5,208.875,0.0,0.0
2013-02-19 12:00:00+01:00,394.132075472,221.1,201.675,208.275,196.725,193.375,198.15,252.975,245.975,0.0,0.0
2013-02-19 13:00:00+01:00,461.653846154,195.35,261.075,252.225,195.225,180.475,229.175,221.975,254.325,0.0,5.76923076923
2013-02-19 14:00:00+01:00,625.555555556,302.975,291.35,307.075,309.55,241.3,331.075,410.2,271.35,0.0,20.3703703704
2013-02-19 15:00:00+01:00,373.018867925,201.325,171.45,128.375,234.875,175.025,101.85,273.8,281.6,0.0754716981132,0.0
2013-02-19 16:00:00+01:00,374.20754717,334.05,76.4,105.075,108.2,78.825,122.575,98.325,91.575,0.339622641509,0.0
2013-02-19 17:00:00+01:00,126.185185185,157.575,130.725,152.525,145.05,161.75,116.2,74.3,134.025,1.0,0.0
2013-02-19 18:00:00+01:00,4.56363636364,135.075,92.8,125.225,123.05,136.375,92.775,42.775,101.875,1.0,0.0
2013-02-19 19:00:00+01:00,0.0,127.95,87.75,122.75,117.675,133.625,86.9,38.875,95.025,1.0,0.0
2013-02-19 20:00:00+01:00,0.0,124.1,88.1,125.85,117.05,132.725,88.825,42.025,97.425,1.0,0.0
2013-02-19 21:00:00+01:00,0.0,42.225,19.4,25.55,25.425,27.7,18.6,21.65,20.9,0.0,0.0
2013-02-19 22:00:00+01:00,0.0,19.225,1.7,1.225,0.925,1.15,0.725,18.85,2.05,0.0,0.0
2013-02-19 23:00:00+01:00,,20.55,1.675,1.225,1.1,1.15,0.8,16.525,2.0,,
2013-02-20 00:00:00+01:00,,19.05,1.7,1.425,1.05,1.1,1.0,16.325,1.825,,
2013-02-20 01:00:00+01:00,,18.925,1.725,1.225,0.775,1.125,0.6,17.3,1.65,,
2013-02-20 02:00:00+01:00,,17.4,1.5,1.3,1.275,1.05,1.0,16.05,1.7,,
2013-02-20 03:00:00+01:00,,14.7,1.25,0.85,0.725,1.175,0.8,18.0,2.0,,
2013-02-20 04:00:00+01:00,,13.2,1.725,1.025,1.025,0.725,0.925,18.475,2.05,,
2013-02-20 05:00:00+01:00,,12.875,1.45,1.125,0.8,1.25,1.0,21.125,1.85,,
2013-02-20 06:00:00+01:00,,104.925,70.575,99.4,91.825,106.35,69.775,35.775,76.425,,
2013-02-20 07:00:00+01:00,,130.125,90.65,124.575,117.825,133.175,89.275,39.575,98.325,,
2013-02-20 08:00:00+01:00,,159.25,112.375,149.25,156.175,162.525,113.95,66.25,185.05,,
2013-02-20 09:00:00+01:00,373.2,182.05,137.05,182.85,166.45,190.525,142.8,95.6,272.875,1.0,0.0
2013-02-20 10:00:00+01:00,452.74137931,271.15,113.175,160.8,210.275,122.225,146.175,101.85,111.125,0.0172413793103,0.0
2013-02-20 11:00:00+01:00,550.383333333,210.225,194.1,241.825,189.4,168.3,187.375,120.875,104.85,0.0,0.0
2013-02-20 12:00:00+01:00,605.466666667,182.625,231.15,147.4,190.775,242.1,155.325,420.575,186.875,0.0,0.0
2013-02-20 13:00:00+01:00,602.9,266.35,442.175,467.225,140.9,222.05,493.45,123.675,453.35,0.0,0.0
2013-02-20 14:00:00+01:00,561.433333333,353.0,316.875,349.925,365.675,249.375,398.275,517.625,193.525,0.0,0.0
2013-02-20 15:00:00+01:00,460.7,264.775,213.625,140.7,281.6,165.35,83.875,317.425,392.375,0.0,0.0
2013-02-20 16:00:00+01:00,313.866666667,78.825,78.9,118.375,133.425,115.475,140.0,174.775,156.575,0.45,0.0
2013-02-20 17:00:00+01:00,135.283333333,154.3,120.325,157.575,148.225,162.525,118.4,71.85,133.7,1.0,0.0
2013-02-20 18:00:00+01:00,7.65,126.6,85.1,127.775,117.125,134.625,89.7,37.95,101.425,1.0,0.0
2013-02-20 19:00:00+01:00,0.0,121.075,79.725,118.525,116.4,131.7,84.05,38.6,90.175,1.0,0.0
2013-02-20 20:00:00+01:00,0.0,122.225,84.8,125.65,113.0,132.6,86.725,36.625,96.5,0.983333333333,0.0
2013-02-20 21:00:00+01:00,0.0,36.525,17.6,24.575,24.35,27.025,17.65,22.4,19.75,0.0,0.0
2013-02-20 22:00:00+01:00,0.0,15.675,1.45,0.9,0.675,0.5,0.4,17.325,1.475,0.0,0.0
2013-02-20 23:00:00+01:00,0.0,17.7,1.675,1.1,0.75,0.925,0.6,18.675,1.425,0.0,0.0
2013-02-21 00:00:00+01:00,0.0,16.475,1.725,1.05,0.65,0.7,0.65,18.475,1.35,0.0,0.0
2013-02-21 01:00:00+01:00,0.0,16.6,1.525,0.925,0.725,0.9,0.6,17.925,1.5,0.0,0.0
2013-02-21 02:00:00+01:00,0.0,14.5,1.55,1.0,0.875,0.775,0.65,19.275,1.925,0.0,0.0
2013-02-21 03:00:00+01:00,0.0,17.575,1.4,1.275,0.75,0.85,0.75,15.55,1.375,0.0,0.0
2013-02-21 04:00:00+01:00,0.0,23.2,2.25,1.675,1.15,1.375,0.625,14.525,1.675,0.0,0.0
2013-02-21 05:00:00+01:00,0.0,18.0,1.6,1.05,0.775,1.025,0.875,17.575,1.775,0.0,0.0
2013-02-21 06:00:00+01:00,0.0,105.525,67.575,97.4,93.475,106.95,68.275,33.275,75.175,1.0,0.0
2013-02-21 07:00:00+01:00,2.80769230769,127.375,86.85,125.125,118.9,135.075,88.575,39.725,97.3,1.0,0.0
2013-02-21 08:00:00+01:00,108.396226415,152.8,105.575,146.4,140.95,150.875,108.375,56.0,148.725,1.0,0.0
2013-02-21 09:00:00+01:00,298.113207547,187.95,140.1,179.625,173.55,191.65,143.625,96.55,253.2,1.0,0.0
2013-02-21 10:00:00+01:00,438.339622642,253.025,142.375,165.95,220.675,150.15,139.025,120.325,140.775,0.132075471698,0.0
2013-02-21 11:00:00+01:00,539.830188679,142.95,196.175,200.05,144.65,170.75,175.85,138.1,127.7,0.0,0.0
2013-02-21 12:00:00+01:00,604.592592593,204.25,240.975,164.575,211.475,330.725,154.25,416.0,199.35,0.0,0.0
2013-02-21 13:00:00+01:00,608.603773585,264.325,415.05,452.8,151.375,219.95,461.15,156.225,442.65,0.0,0.0
2013-02-21 14:00:00+01:00,528.018867925,347.775,268.85,301.9,355.525,260.475,320.1,465.525,199.7,0.0,0.0
2013-02-21 15:00:00+01:00,363.547169811,255.225,203.35,201.95,224.35,197.975,153.35,240.325,278.475,0.415094339623,0.0
2013-02-21 16:00:00+01:00,303.018867925,112.95,102.95,132.75,142.25,139.15,147.15,159.1,180.35,0.509433962264,0.0
2013-02-21 17:00:00+01:00,111.963636364,172.45,128.25,160.175,158.0,174.95,123.7,73.075,141.6,1.0,0.0
2013-02-21 18:00:00+01:00,3.03571428571,125.525,83.825,126.175,118.775,136.725,89.85,40.275,99.4,1.0,0.0
2013-02-21 19:00:00+01:00,0.0,124.575,79.825,118.75,115.1,130.725,83.55,35.8,91.3,1.0,0.0
2013-02-21 20:00:00+01:00,0.0,123.2,81.25,122.6,116.025,133.85,85.45,37.425,93.6,1.0,0.0
2013-02-21 21:00:00+01:00,0.0,38.025,16.625,26.125,24.225,29.275,17.7,23.2,19.85,0.0,0.0
2013-02-21 22:00:00+01:00,0.0,14.5,1.625,0.925,0.6,0.675,0.7,17.725,1.05,0.0,0.0
2013-02-21 23:00:00+01:00,0.0,14.375,1.45,0.825,0.9,0.875,0.6,18.2,1.75,0.0,0.0
2013-02-22 00:00:00+01:00,0.0,18.05,1.85,1.1,1.15,1.1,0.825,19.225,1.875,0.0,0.0
2013-02-22 01:00:00+01:00,0.0,16.15,1.375,1.2,0.675,0.825,0.85,19.125,2.0,0.0,0.0
2013-02-22 02:00:00+01:00,0.0,20.475,1.9,1.6,1.175,1.225,0.7,16.225,2.1,0.0,0.0
2013-02-22 03:00:00+01:00,0.0,15.725,1.825,1.05,0.925,0.925,0.85,18.625,2.05,0.0,0.0
2013-02-22 04:00:00+01:00,0.0,18.075,1.525,1.325,0.875,1.125,0.925,17.175,1.45,0.0,0.0
2013-02-22 05:00:00+01:00,0.0,19.4,2.125,1.325,0.925,1.075,1.2,17.775,1.825,0.0,0.0
2013-02-22 06:00:00+01:00,0.0,96.7,67.375,95.55,89.325,103.6,66.95,34.275,73.75,1.0,0.0
2013-02-22 07:00:00+01:00,5.03333333333,129.5,87.075,127.325,115.325,137.025,87.375,36.825,97.875,1.0,0.0
2013-02-22 08:00:00+01:00,96.4166666667,152.2,106.725,147.3,137.225,155.8,107.475,52.8,133.35,1.0,0.0
2013-02-22 09:00:00+01:00,309.533333333,198.025,159.75,200.3,188.55,215.125,160.975,115.95,267.7,0.833333333333,0.0
2013-02-22 10:00:00+01:00,438.616666667,267.05,183.325,196.45,231.55,198.65,174.575,155.825,185.475,0.45,0.0
2013-02-22 11:00:00+01:00,574.9,95.775,187.75,218.2,110.9,162.25,154.725,133.5,120.25,0.0,0.0
2013-02-22 12:00:00+01:00,630.833333333,216.225,283.9,163.3,213.25,304.575,142.025,441.5,195.825,0.0,0.0
2013-02-22 13:00:00+01:00,629.9,274.175,474.95,484.85,135.925,207.425,488.275,156.5,486.875,0.0,0.0
2013-02-22 14:00:00+01:00,577.766666667,372.9,267.85,373.975,379.3,276.675,367.75,512.175,169.2,0.0,0.0
2013-02-22 15:00:00+01:00,455.866666667,246.05,221.5,167.325,270.825,173.6,126.0,327.75,404.9,0.0,0.0
2013-02-22 16:00:00+01:00,321.4,82.125,87.5,115.625,122.3,120.975,140.45,156.5,170.05,0.416666666667,0.0
2013-02-22 17:00:00+01:00,139.833333333,180.45,139.0,166.075,161.0,185.025,125.35,76.275,148.55,1.0,0.0
2013-02-22 18:00:00+01:00,8.45,120.45,90.275,125.975,117.4,133.25,90.275,41.375,100.125,1.0,0.0
2013-02-22 19:00:00+01:00,0.0,123.95,83.95,121.45,112.45,131.475,82.85,34.85,92.9,1.0,0.0
2013-02-22 20:00:00+01:00,0.0,124.175,85.25,121.2,116.1,133.225,85.1,39.025,93.8,1.0,0.0
2013-02-22 21:00:00+01:00,0.0,35.1,18.95,28.5,22.725,28.475,18.525,20.35,22.0,0.0,0.0
2013-02-22 22:00:00+01:00,0.0,14.775,1.475,0.875,0.9,1.2,0.925,19.275,1.975,0.0,0.0
2013-02-22 23:00:00+01:00,0.0,13.05,1.525,1.0,0.9,1.15,1.1,19.35,3.0,0.0,0.0
2013-02-23 00:00:00+01:00,0.0,19.425,2.025,1.45,1.075,1.575,1.25,18.1,3.1,0.0,0.0
2013-02-23 01:00:00+01:00,0.0,16.225,1.75,1.15,1.225,0.975,1.0,17.575,3.65,0.0,0.0
2013-02-23 02:00:00+01:00,0.0,18.175,1.5,1.175,1.025,1.525,1.35,14.875,3.425,0.0,0.0
2013-02-23 03:00:00+01:00,0.0,16.25,2.3,1.25,1.875,1.175,1.425,19.3,3.425,0.0,0.0
2013-02-23 04:00:00+01:00,0.0,21.85,2.25,1.875,1.45,1.675,1.35,16.5,2.7,0.0,0.0
2013-02-23 05:00:00+01:00,0.0,13.65,1.625,1.3,1.3,1.5,0.95,21.775,3.125,0.0,0.0
2013-02-23 06:00:00+01:00,0.0,99.675,67.65,96.225,89.7,102.975,66.85,32.425,74.375,1.0,0.0
2013-02-23 07:00:00+01:00,4.31666666667,130.9,86.75,128.875,117.425,137.85,88.225,40.2,93.975,1.0,0.0
2013-02-23 08:00:00+01:00,114.016666667,153.1,110.325,148.625,146.275,160.2,110.45,63.775,142.05,1.0,0.0
2013-02-23 09:00:00+01:00,197.9,178.425,142.15,180.55,168.15,192.8,141.5,94.775,207.6,1.0,0.0
2013-02-23 10:00:00+01:00,436.616666667,227.775,172.625,191.225,226.25,196.65,180.275,123.275,165.875,0.433333333333,0.0
2013-02-23 11:00:00+01:00,517.916666667,113.15,148.375,193.45,118.8,140.05,144.425,148.075,141.675,0.0,0.0
2013-02-23 12:00:00+01:00,594.583333333,249.075,319.825,201.65,270.875,334.175,179.75,393.375,195.425,0.0,0.0
2013-02-23 13:00:00+01:00,601.333333333,259.15,389.375,397.775,188.95,223.775,386.025,198.975,360.425,0.0,0.0
2013-02-23 14:00:00+01:00,367.783333333,227.5,236.65,259.625,238.925,211.275,231.875,262.875,230.125,0.283333333333,0.0
2013-02-23 15:00:00+01:00,445.6,221.425,190.85,149.8,222.55,164.3,140.325,273.875,320.15,0.0,0.0
2013-02-23 16:00:00+01:00,262.283333333,139.425,116.375,138.2,144.475,147.7,146.525,139.5,191.6,0.6,0.0
2013-02-23 17:00:00+01:00,83.7333333333,168.25,122.625,158.175,155.25,172.3,123.075,69.625,138.675,1.0,0.0
2013-02-23 18:00:00+01:00,9.31666666667,134.775,89.325,129.225,121.85,139.825,92.675,40.075,101.95,1.0,0.0
2013-02-23 19:00:00+01:00,0.0,118.35,86.85,124.825,114.475,133.3,87.7,41.125,94.35,1.0,0.0
2013-02-23 20:00:00+01:00,0.0,120.075,83.6,124.025,112.275,131.5,85.8,36.825,94.25,1.0,0.0
2013-02-23 21:00:00+01:00,0.0,37.225,18.05,25.375,23.975,27.125,18.15,21.75,21.4,0.0,0.0
2013-02-23 22:00:00+01:00,0.0,23.775,2.5,1.6,1.325,1.925,1.65,15.175,3.9,0.0,0.0
2013-02-23 23:00:00+01:00,0.0,18.45,1.75,1.325,1.325,1.35,1.075,16.775,3.35,0.0,0.0
2013-02-24 00:00:00+01:00,0.0,17.35,1.825,1.425,1.175,1.15,1.2,17.525,2.9,0.0,0.0
2013-02-24 01:00:00+01:00,0.0,14.0,1.925,1.175,1.5,1.55,1.0,18.025,3.9,0.0,0.0
2013-02-24 02:00:00+01:00,0.0,16.275,1.85,1.125,1.25,1.25,1.4,17.375,3.8,0.0,0.0
2013-02-24 03:00:00+01:00,0.0,15.925,2.2,1.35,0.925,1.475,1.25,18.125,3.925,0.0,0.0
2013-02-24 04:00:00+01:00,0.0,17.1,2.1,1.45,1.2,1.375,1.275,16.225,3.4,0.0,0.0
2013-02-24 05:00:00+01:00,0.0,18.25,2.025,1.475,1.2,1.625,1.375,17.225,3.075,0.0,0.0
2013-02-24 06:00:00+01:00,0.0,103.05,67.025,94.125,89.275,102.325,66.35,31.35,72.525,1.0,0.0
2013-02-24 07:00:00+01:00,4.01923076923,119.125,87.975,127.3,116.375,135.525,87.825,41.75,96.825,1.0,0.0
2013-02-24 08:00:00+01:00,101.943396226,152.8,109.425,148.775,141.05,157.6,111.25,60.65,132.375,1.0,0.0
2013-02-24 09:00:00+01:00,264.886792453,193.6,151.675,193.25,181.775,203.8,151.925,101.825,206.65,1.0,0.0
2013-02-24 10:00:00+01:00,435.113207547,179.9,165.825,182.8,208.4,188.225,179.125,135.575,173.775,0.245283018868,0.0
2013-02-24 11:00:00+01:00,504.849056604,128.075,137.75,167.6,130.4,139.1,143.475,160.625,153.025,0.0,0.0
2013-02-24 12:00:00+01:00,604.20754717,268.175,320.4,227.025,283.6,307.4,190.875,377.425,220.875,0.0,0.0
2013-02-24 13:00:00+01:00,488.603773585,283.775,335.85,352.8,196.825,223.075,343.75,201.15,301.35,0.0,0.0
2013-02-24 14:00:00+01:00,319.037735849,214.475,166.35,205.35,212.05,190.15,175.65,194.8,199.65,0.528301886792,0.0
2013-02-24 15:00:00+01:00,212.905660377,265.55,206.15,244.825,237.75,252.05,197.475,159.95,235.8,1.0,0.0
2013-02-24 16:00:00+01:00,181.056603774,239.8,180.725,221.0,216.075,227.625,181.2,128.525,205.775,1.0,0.0
2013-02-24 17:00:00+01:00,102.886792453,185.775,136.4,177.85,169.625,185.875,136.925,86.3,155.1,1.0,0.0
2013-02-24 18:00:00+01:00,5.12962962963,119.75,88.7,129.0,118.55,136.575,92.475,47.125,100.125,1.0,0.0
2013-02-24 19:00:00+01:00,0.0,132.825,83.975,125.475,114.4,134.25,85.55,32.6,92.95,1.0,0.0
2013-02-24 20:00:00+01:00,0.0,114.4,84.75,124.2,114.025,133.825,86.375,43.85,94.5,1.0,0.0
2013-02-24 21:00:00+01:00,0.0,44.475,18.6,25.7,25.25,28.425,18.075,18.375,21.35,0.0169491525424,0.0
2013-02-24 22:00:00+01:00,0.0,16.7,2.175,1.225,1.225,1.325,1.225,15.25,3.275,0.0,0.0
2013-02-24 23:00:00+01:00,0.0,13.45,1.35,1.2,1.3,0.85,1.15,19.775,3.1,0.0,0.0
2013-02-25 00:00:00+01:00,0.0,18.35,2.0,1.4,1.3,1.825,1.375,17.125,3.525,0.0,0.0
2013-02-25 01:00:00+01:00,0.0,15.95,1.75,1.45,1.4,1.2,1.725,17.675,4.175,0.0,0.0
2013-02-25 02:00:00+01:00,0.0,16.75,1.55,1.45,1.325,1.675,1.4,18.025,3.825,0.0,0.0
2013-02-25 03:00:00+01:00,0.0,16.9,1.875,1.65,1.425,1.675,1.325,18.1,4.1,0.0,0.0
2013-02-25 04:00:00+01:00,0.0,18.1,2.05,1.5,1.675,1.4,1.375,18.2,4.2,0.0,0.0
2013-02-25 05:00:00+01:00,0.0,14.6,1.425,1.375,1.525,1.55,1.6,19.025,4.0,0.0,0.0
2013-02-25 06:00:00+01:00,0.0,102.275,67.725,94.075,88.4,100.45,67.0,28.175,72.175,1.0,0.0
2013-02-25 07:00:00+01:00,13.3333333333,127.6,87.475,129.225,117.825,136.5,90.0,39.45,97.9,1.0,0.0
2013-02-25 08:00:00+01:00,163.7,163.65,119.475,164.0,158.675,171.55,129.375,84.55,177.4,1.0,0.0
2013-02-25 09:00:00+01:00,177.583333333,195.0,150.7,190.525,183.425,202.025,152.4,103.625,195.75,1.0,0.0
2013-02-25 10:00:00+01:00,386.216666667,211.0,177.4,213.975,216.425,212.45,193.85,138.875,194.425,0.566666666667,0.0
2013-02-25 11:00:00+01:00,515.383333333,134.325,158.175,173.225,135.65,160.6,146.225,187.275,157.8,0.0,0.0
2013-02-25 12:00:00+01:00,550.333333333,285.3,340.475,229.575,266.3,296.775,180.575,385.975,216.325,0.0,0.0
2013-02-25 13:00:00+01:00,543.283333333,237.4,307.825,349.05,168.175,179.925,323.45,206.3,237.075,0.0,0.0
2013-02-25 14:00:00+01:00,505.633333333,392.125,226.325,354.975,384.475,277.475,345.925,470.0,282.1,0.0,0.0
2013-02-25 15:00:00+01:00,381.666666667,235.825,185.275,149.425,219.725,180.25,148.975,221.35,281.525,0.383333333333,0.0
2013-02-25 16:00:00+01:00,312.683333333,151.275,121.65,142.1,148.9,141.875,154.7,137.75,206.775,0.583333333333,0.0
2013-02-25 17:00:00+01:00,154.283333333,184.425,147.8,172.45,178.075,186.425,135.5,83.35,157.975,1.0,0.0
2013-02-25 18:00:00+01:00,9.8,130.675,91.875,133.6,124.65,142.325,93.925,45.725,103.575,1.0,0.0
2013-02-25 19:00:00+01:00,0.0,119.925,80.775,120.275,110.15,127.8,83.5,35.625,88.975,1.0,0.0
2013-02-25 20:00:00+01:00,0.0,125.5,83.2,124.1,113.8,131.5,84.85,37.3,91.55,1.0,0.0
2013-02-25 21:00:00+01:00,0.0,34.9,17.625,27.125,23.65,27.65,18.125,23.425,21.25,0.0,0.0
2013-02-25 22:00:00+01:00,0.0,16.6,1.35,1.2,0.95,1.125,0.9,15.15,2.725,0.0,0.0
2013-02-25 23:00:00+01:00,0.0,15.675,1.875,1.1,1.225,1.525,1.325,19.35,2.975,0.0,0.0
2013-02-26 00:00:00+01:00,0.0,17.6,2.2,1.325,1.325,1.225,1.3,17.025,3.2,0.0,0.0
2013-02-26 01:00:00+01:00,0.0,13.3,1.8,1.1,0.95,1.075,1.35,16.875,2.5,0.0,0.0
2013-02-26 02:00:00+01:00,0.0,16.975,2.125,1.3,1.4,1.575,1.45,18.1,3.225,0.0,0.0
2013-02-26 03:00:00+01:00,0.0,18.6,2.3,1.275,1.275,1.4,1.625,17.4,3.4,0.0,0.0
2013-02-26 04:00:00+01:00,0.0,20.025,2.45,1.625,1.65,2.05,1.225,14.5,3.525,0.0,0.0
2013-02-26 05:00:00+01:00,0.0,17.6,2.05,1.4,1.1,1.2,1.475,14.2,3.45,0.0166666666667,0.0
2013-02-26 06:00:00+01:00,0.0,95.35,67.475,95.875,87.5,100.075,66.65,31.85,73.4,1.0,0.0
2013-02-26 07:00:00+01:00,9.36666666667,133.025,85.5,128.6,117.95,136.325,87.375,37.675,94.325,1.0,0.0
2013-02-26 08:00:00+01:00,141.383333333,153.55,108.45,147.85,147.525,156.95,117.025,71.3,168.45,1.0,0.0
2013-02-26 09:00:00+01:00,319.3,183.55,146.225,182.3,177.7,212.425,146.975,97.2,236.75,0.933333333333,0.0
2013-02-26 10:00:00+01:00,459.783333333,85.675,127.65,137.275,156.85,130.375,154.05,113.3,122.7,0.0,0.0
2013-02-26 11:00:00+01:00,580.983333333,108.075,177.45,157.75,115.6,173.7,146.025,206.375,138.1,0.0,0.0
2013-02-26 12:00:00+01:00,633.65,338.875,413.525,235.8,372.775,339.975,214.575,455.325,198.525,0.0,0.0
2013-02-26 13:00:00+01:00,633.55,285.55,354.475,484.075,150.225,144.55,435.525,200.325,242.725,0.0,0.0
2013-02-26 14:00:00+01:00,577.383333333,420.775,215.825,396.525,408.05,272.375,378.275,494.925,321.025,0.0,0.0
2013-02-26 15:00:00+01:00,,235.75,226.8,163.725,222.525,148.325,152.3,292.05,364.45,,
2013-02-26 16:00:00+01:00,,222.775,167.45,207.425,223.425,212.125,182.625,130.275,194.875,,
2013-02-26 17:00:00+01:00,140.714285714,164.175,131.075,160.85,163.675,174.85,126.95,81.05,143.8,1.0,0.0
2013-02-26 18:00:00+01:00,18.7333333333,128.925,89.9,131.825,121.625,138.225,93.95,43.975,104.0,1.0,0.0
2013-02-26 19:00:00+01:00,0.0,118.6,81.825,124.25,111.825,128.875,83.775,36.15,91.025,1.0,0.0
2013-02-26 20:00:00+01:00,0.0,125.6,83.7,127.35,111.975,130.4,85.525,33.175,94.05,1.0,0.0
2013-02-26 21:00:00+01:00,0.0,36.65,17.9,26.45,25.15,27.7,19.1,24.35,20.95,0.0,0.0
2013-02-26 22:00:00+01:00,0.0,13.425,1.25,0.925,0.85,0.65,0.875,17.675,3.025,0.0,0.0
2013-02-26 23:00:00+01:00,0.0,16.8,1.775,1.375,1.1,1.1,0.925,17.6,2.5,0.0,0.0
2013-02-27 00:00:00+01:00,0.0,18.325,2.225,1.525,1.225,1.425,1.175,19.2,2.8,0.0,0.0
2013-02-27 01:00:00+01:00,0.0,18.875,2.35,1.625,1.55,1.15,1.275,17.05,3.5,0.0,0.0
2013-02-27 02:00:00+01:00,0.0,16.2,1.5,1.325,1.175,1.2,1.325,20.725,4.3,0.0,0.0
2013-02-27 03:00:00+01:00,0.0,17.25,2.175,1.35,1.425,1.325,1.025,15.85,3.875,0.0,0.0
2013-02-27 04:00:00+01:00,0.0,16.25,2.15,1.65,1.525,1.425,1.375,18.05,3.85,0.0,0.0
2013-02-27 05:00:00+01:00,0.0,11.35,1.175,1.125,1.0,0.95,1.15,18.975,2.175,0.0,0.0
2013-02-27 06:00:00+01:00,0.0,92.55,67.075,92.15,89.925,98.15,66.1,34.25,72.9,1.0,0.0
2013-02-27 07:00:00+01:00,11.6666666667,121.575,85.95,126.625,116.05,132.625,87.825,40.15,96.825,1.0,0.0
2013-02-27 08:00:00+01:00,141.983333333,155.375,109.975,155.025,146.35,157.025,117.075,69.4,173.375,1.0,0.0
2013-02-27 09:00:00+01:00,317.25,195.125,150.2,186.675,181.175,215.35,145.1,93.5,246.0,0.95,0.0
2013-02-27 10:00:00+01:00,465.4,105.875,119.075,129.625,142.35,123.275,152.85,108.7,127.575,0.0,0.0
2013-02-27 11:00:00+01:00,575.733333333,107.55,177.975,158.05,113.5,185.725,160.9,204.75,131.075,0.0,0.0
2013-02-27 12:00:00+01:00,633.166666667,378.85,453.425,233.325,340.8,331.25,234.9,450.75,164.05,0.0,0.0
2013-02-27 13:00:00+01:00,637.516666667,270.925,371.025,505.975,146.65,153.925,453.125,218.025,209.325,0.0,0.0
2013-02-27 14:00:00+01:00,579.2,430.05,211.175,416.75,432.95,280.45,383.225,524.525,333.125,0.0,0.0
2013-02-27 15:00:00+01:00,475.766666667,283.825,258.925,146.5,249.7,175.875,142.05,327.15,428.2,0.0,0.0
2013-02-27 16:00:00+01:00,324.45,146.65,125.35,113.125,134.625,114.2,133.25,163.4,176.375,0.433333333333,0.0
2013-02-27 17:00:00+01:00,162.133333333,173.675,138.5,168.15,170.0,187.35,133.875,84.25,150.225,1.0,0.0
2013-02-27 18:00:00+01:00,15.0666666667,129.075,89.5,130.6,119.975,136.575,92.275,42.075,100.725,1.0,0.0
2013-02-27 19:00:00+01:00,0.0,113.175,79.55,119.1,112.3,126.75,82.7,39.325,89.9,1.0,0.0
2013-02-27 20:00:00+01:00,0.0,115.3,81.2,118.8,112.6,125.3,82.675,37.9,90.425,1.0,0.0
2013-02-27 21:00:00+01:00,0.0,36.375,18.65,23.85,23.875,25.8,17.85,19.95,20.9,0.0,0.0
2013-02-27 22:00:00+01:00,0.0,13.75,1.475,1.375,1.025,1.35,1.125,18.15,2.775,0.0,0.0
2013-02-27 23:00:00+01:00,0.0,14.6,1.65,1.3,1.325,1.0,1.475,16.85,2.875,0.0,0.0
2013-02-28 00:00:00+01:00,0.0,16.4,1.675,1.425,1.225,1.4,1.125,19.8,3.3,0.0,0.0
2013-02-28 01:00:00+01:00,0.0,16.925,1.9,1.45,1.075,1.275,1.325,16.825,3.325,0.0,0.0
2013-02-28 02:00:00+01:00,0.0,19.075,1.95,1.25,1.125,1.525,1.575,15.65,3.15,0.0,0.0
2013-02-28 03:00:00+01:00,0.0,15.025,2.125,1.15,1.35,1.25,1.5,21.0,3.5,0.0,0.0
2013-02-28 04:00:00+01:00,0.0,22.3,2.8,1.675,1.275,1.775,1.3,12.725,3.85,0.0,0.0
2013-02-28 05:00:00+01:00,0.0,14.975,2.325,1.425,1.275,1.6,1.25,18.1,3.4,0.0181818181818,0.0
2013-02-28 06:00:00+01:00,0.0,96.8,64.65,97.85,85.45,99.675,66.2,33.275,73.4,1.0,0.0
2013-02-28 07:00:00+01:00,13.2941176471,123.55,82.825,123.375,113.825,130.25,86.075,38.275,94.55,1.0,0.0
2013-02-28 08:00:00+01:00,111.641509434,149.425,110.025,146.675,148.475,156.35,112.925,70.75,157.05,1.0,0.0
2013-02-28 09:00:00+01:00,313.264150943,200.35,151.4,190.225,183.85,196.2,147.95,98.975,212.0,0.905660377358,0.0
2013-02-28 10:00:00+01:00,478.377358491,85.6,99.425,122.375,106.225,108.425,132.15,110.65,119.0,0.0,0.0
2013-02-28 11:00:00+01:00,584.037735849,106.4,176.175,182.35,103.375,182.075,179.1,200.6,123.825,0.0,0.0
2013-02-28 12:00:00+01:00,606.566037736,397.825,451.65,247.475,311.25,324.125,200.625,472.35,158.125,0.0,1.88679245283
2013-02-28 13:00:00+01:00,655.433962264,225.825,371.0,461.725,158.625,157.2,414.925,224.5,212.2,0.0,11.320754717
2013-02-28 14:00:00+01:00,613.452830189,498.1,219.875,455.55,508.325,352.2,402.2,580.875,355.675,0.0,0.0
2013-02-28 15:00:00+01:00,429.703703704,249.65,229.725,174.875,238.25,203.35,175.375,276.825,376.275,0.0,0.0
2013-02-28 16:00:00+01:00,110.169811321,155.375,132.675,156.7,158.85,164.15,126.2,114.575,149.225,0.905660377358,0.0
2013-02-28 17:00:00+01:00,70.4363636364,160.05,116.0,160.475,149.65,166.275,119.4,69.725,134.2,1.0,0.0
2013-02-28 18:00:00+01:00,1.91228070175,114.725,84.55,125.925,111.325,130.3,86.15,40.075,96.775,1.0,0.0
2013-02-28 19:00:00+01:00,0.0,126.7,82.65,122.6,111.025,128.7,83.85,31.95,91.35,1.0,0.0
2013-02-28 20:00:00+01:00,0.0,126.875,80.3,120.5,112.05,129.55,82.85,32.7,88.975,1.0,0.0
2013-02-28 21:00:00+01:00,0.0,34.4,17.1,25.8,21.925,26.525,17.175,20.775,20.925,0.0,0.0
2013-02-28 22:00:00+01:00,0.0,14.05,1.575,0.975,1.025,1.05,1.125,16.725,3.525,0.0,0.0
2013-02-28 23:00:00+01:00,0.0,19.6,1.925,1.375,1.15,1.275,1.3,15.1,2.975,0.0,0.0
2013-03-01 00:00:00+01:00,0.0,17.375,2.1,1.275,1.225,1.475,1.4,17.875,2.45,0.0,0.0
2013-03-01 01:00:00+01:00,0.0,18.125,1.575,1.525,1.225,1.275,1.425,15.95,3.625,0.0,0.0
2013-03-01 02:00:00+01:00,0.0,18.675,1.75,1.55,1.075,1.55,1.125,17.9,2.925,0.0,0.0
2013-03-01 03:00:00+01:00,0.0,12.775,1.5,0.975,1.1,1.075,1.125,18.925,2.925,0.0,0.0
2013-03-01 04:00:00+01:00,0.0,17.85,2.075,1.575,1.475,1.875,1.55,17.475,3.325,0.0,0.0
2013-03-01 05:00:00+01:00,0.0,14.675,1.75,1.2,1.2,1.1,1.275,17.55,3.45,0.0166666666667,0.0
2013-03-01 06:00:00+01:00,0.0,101.025,67.325,99.125,85.75,100.55,67.2,27.75,75.0,1.0,0.0
2013-03-01 07:00:00+01:00,5.0,130.025,86.75,132.325,111.85,134.025,87.6,35.4,97.375,1.0,0.0
2013-03-01 08:00:00+01:00,45.0833333333,132.675,104.6,147.025,130.775,147.775,104.55,59.375,118.825,1.0,0.0
2013-03-01 09:00:00+01:00,71.2833333333,165.425,120.575,160.9,150.675,165.2,119.9,67.675,136.5,1.0,0.0
2013-03-01 10:00:00+01:00,70.25,158.05,120.575,166.95,149.3,169.975,121.5,78.175,139.65,1.0,0.0
2013-03-01 11:00:00+01:00,94.3666666667,166.125,129.275,167.475,157.4,169.825,127.7,79.1,146.075,1.0,0.0
2013-03-01 12:00:00+01:00,122.316666667,196.15,148.875,189.225,180.1,191.35,147.375,100.675,172.075,1.0,0.0
2013-03-01 13:00:00+01:00,100.9,185.3,138.35,180.4,166.85,182.925,135.575,83.875,158.275,1.0,0.0
2013-03-01 14:00:00+01:00,110.2,196.15,148.625,195.95,178.8,195.475,145.375,93.925,172.5,1.0,0.0
2013-03-01 15:00:00+01:00,64.6333333333,167.125,120.125,164.675,153.675,169.2,119.875,69.225,137.15,1.0,0.0
2013-03-01 16:00:00+01:00,54.8,160.375,117.8,164.75,148.425,165.6,117.2,66.625,135.125,1.0,0.0
2013-03-01 17:00:00+01:00,18.7833333333,141.075,97.475,139.525,129.85,145.35,97.65,48.75,107.5,1.0,0.0
2013-03-01 18:00:00+01:00,1.66666666667,120.975,85.05,126.15,113.5,130.925,86.2,38.075,95.85,1.0,0.0
2013-03-01 19:00:00+01:00,0.0,122.3,82.0,125.25,110.825,128.825,83.35,33.625,91.925,1.0,0.0
2013-03-01 20:00:00+01:00,0.0,125.1,83.725,130.7,114.325,134.575,85.875,37.2,94.625,1.0,0.0
2013-03-01 21:00:00+01:00,0.0,38.3,18.8,27.175,24.675,28.7,18.5,22.85,21.225,0.0,0.0
2013-03-01 22:00:00+01:00,0.0,14.725,1.175,0.95,0.8,0.775,1.0,19.6,2.3,0.0,0.0
2013-03-01 23:00:00+01:00,0.0,15.875,1.625,1.375,1.075,1.225,1.375,17.35,2.8,0.0,0.0
2013-03-02 00:00:00+01:00,0.0,17.225,1.475,1.2,1.075,1.35,1.025,18.225,3.325,0.0,0.0
2013-03-02 01:00:00+01:00,0.0,16.3,1.925,1.4,1.25,1.225,1.225,17.2,3.95,0.0,0.0
2013-03-02 02:00:00+01:00,0.0,18.3,1.875,1.575,1.45,1.475,1.375,15.6,3.175,0.0,0.0
2013-03-02 03:00:00+01:00,0.0,19.1,2.4,1.725,1.1,1.3,1.375,14.125,3.5,0.0,0.0
2013-03-02 04:00:00+01:00,0.0,17.95,1.75,1.225,1.525,1.225,1.15,17.35,3.6,0.0,0.0
2013-03-02 05:00:00+01:00,0.0,16.925,2.05,1.3,1.35,1.075,1.35,19.8,3.55,0.0,0.0
2013-03-02 06:00:00+01:00,0.0,100.1,63.075,97.5,88.475,102.625,65.5,31.1,71.475,1.0,0.0
2013-03-02 07:00:00+01:00,14.4333333333,126.525,85.95,123.95,120.275,133.2,87.725,41.05,96.625,1.0,0.0
2013-03-02 08:00:00+01:00,146.05,158.375,110.925,162.825,151.925,163.725,122.75,73.175,183.9,1.0,0.0
2013-03-02 09:00:00+01:00,323.35,193.425,147.95,189.35,181.325,218.225,148.975,99.9,253.2,0.9,0.0
2013-03-02 10:00:00+01:00,474.316666667,136.925,102.525,132.5,115.15,142.35,139.775,111.8,126.15,0.0,0.0
2013-03-02 11:00:00+01:00,580.833333333,113.925,140.1,217.5,116.075,173.475,179.675,225.125,135.2,0.0,0.0
2013-03-02 12:00:00+01:00,637.55,464.825,486.15,259.475,330.0,340.325,281.8,547.375,192.75,0.0,0.0
2013-03-02 13:00:00+01:00,640.733333333,183.375,421.675,470.275,145.775,162.3,412.8,271.75,160.15,0.0,0.0
2013-03-02 14:00:00+01:00,586.75,519.7,232.675,414.825,532.9,348.575,367.75,592.9,243.175,0.0,0.0
2013-03-02 15:00:00+01:00,482.716666667,232.5,234.4,150.45,202.775,181.55,200.15,309.775,456.625,0.0,0.0
2013-03-02 16:00:00+01:00,336.6,152.575,150.725,93.6,126.575,97.85,119.325,159.6,140.0,0.35,0.0
2013-03-02 17:00:00+01:00,154.566666667,184.375,137.475,173.65,169.65,193.0,140.175,78.7,160.2,1.0,0.0
2013-03-02 18:00:00+01:00,16.0833333333,130.75,94.875,131.3,123.85,136.575,94.95,44.65,104.3,1.0,0.0
2013-03-02 19:00:00+01:00,0.0,112.0,81.775,121.2,113.95,128.875,84.05,42.9,89.425,1.0,0.0
2013-03-02 20:00:00+01:00,0.0,123.325,86.4,127.225,114.95,131.8,85.825,38.175,93.925,1.0,0.0
2013-03-02 21:00:00+01:00,0.0,36.0,18.7,26.575,24.9,27.55,18.875,24.6,21.9,0.0,0.0
2013-03-02 22:00:00+01:00,0.0,15.65,1.775,1.425,1.025,1.125,1.05,18.225,2.125,0.0,0.0
2013-03-02 23:00:00+01:00,0.0,17.575,1.9,1.475,1.4,1.2,1.275,17.25,3.6,0.0,0.0
2013-03-03 00:00:00+01:00,0.0,12.525,1.4,1.125,1.05,1.325,0.9,19.125,2.8,0.0,0.0
2013-03-03 01:00:00+01:00,0.0,17.625,2.05,1.5,1.675,1.45,1.3,15.05,3.525,0.0,0.0
2013-03-03 02:00:00+01:00,0.0,16.025,1.925,1.425,1.25,1.125,1.4,16.475,3.25,0.0,0.0
2013-03-03 03:00:00+01:00,0.0,13.725,1.425,1.275,1.1,1.55,1.325,18.175,2.675,0.0,0.0
2013-03-03 04:00:00+01:00,0.0,15.15,1.725,1.475,1.0,1.375,1.35,19.325,3.325,0.0,0.0
2013-03-03 05:00:00+01:00,0.0,15.575,1.925,1.65,1.175,1.65,1.375,18.875,3.125,0.0,0.0
2013-03-03 06:00:00+01:00,0.0,102.4,65.425,95.6,88.2,101.975,65.775,31.025,70.55,1.0,0.0
2013-03-03 07:00:00+01:00,18.6037735849,122.75,87.825,130.075,117.8,133.775,90.1,43.475,99.625,1.0,0.0
2013-03-03 08:00:00+01:00,149.377358491,159.425,116.425,164.4,153.7,168.725,123.5,78.325,179.85,1.0,0.0
2013-03-03 09:00:00+01:00,323.490566038,193.575,153.9,194.825,181.475,221.1,151.8,102.6,255.85,0.905660377358,0.0
2013-03-03 10:00:00+01:00,472.943396226,172.05,117.1,147.7,137.65,147.975,154.925,118.025,137.2,0.0,0.0
2013-03-03 11:00:00+01:00,579.826923077,129.425,132.725,204.025,129.375,168.075,167.85,225.875,144.8,0.0,0.0
2013-03-03 12:00:00+01:00,636.20754717,463.4,478.25,276.3,329.2,356.35,274.1,551.1,203.2,0.0,0.0
2013-03-03 13:00:00+01:00,635.79245283,246.4,384.625,450.175,170.075,194.3,386.7,294.775,171.25,0.0,0.0
2013-03-03 14:00:00+01:00,583.692307692,511.525,244.5,400.9,506.4,336.475,361.6,552.5,294.025,0.0,0.0
2013-03-03 15:00:00+01:00,447.396226415,201.0,214.8,162.225,182.225,168.35,191.45,282.0,408.875,0.0,0.0
2013-03-03 16:00:00+01:00,333.888888889,161.575,160.375,104.425,149.6,127.275,127.5,150.85,150.625,0.407407407407,0.0
2013-03-03 17:00:00+01:00,169.20754717,174.95,143.975,178.275,173.375,197.375,147.35,96.3,166.7,1.0,0.0
2013-03-03 18:00:00+01:00,19.4363636364,125.325,94.45,135.4,122.6,139.7,95.275,49.475,106.85,1.0,0.0
2013-03-03 19:00:00+01:00,0.0,119.65,82.975,125.575,108.55,129.875,84.725,36.275,92.75,1.0,0.0
2013-03-03 20:00:00+01:00,0.0,125.675,84.6,123.325,110.325,128.3,84.05,33.125,92.3,1.0,0.0
2013-03-03 21:00:00+01:00,0.0,39.3,19.675,26.8,24.725,27.45,19.05,20.525,21.5,0.0,0.0
2013-03-03 22:00:00+01:00,0.0,18.3,1.725,1.4,1.625,1.5,1.35,17.525,2.55,0.0,0.0
2013-03-03 23:00:00+01:00,0.0,13.175,1.55,1.075,0.925,1.2,1.3,21.025,2.55,0.0,0.0
2013-03-04 00:00:00+01:00,0.0,15.0,1.9,1.25,0.95,1.475,0.775,15.3,2.875,0.0,0.0
2013-03-04 01:00:00+01:00,0.0,17.9,1.8,1.425,1.275,1.1,1.425,16.3,3.225,0.0,0.0
2013-03-04 02:00:00+01:00,0.0,15.075,1.7,1.45,1.5,1.8,1.575,19.15,3.05,0.0,0.0
2013-03-04 03:00:00+01:00,0.0,16.925,1.425,1.525,1.2,1.4,1.275,16.525,3.275,0.0,0.0
2013-03-04 04:00:00+01:00,0.0,13.925,1.95,1.075,1.0,1.475,1.25,21.175,2.9,0.0,0.0
2013-03-04 05:00:00+01:00,0.0,19.6,2.725,1.425,1.625,1.45,1.375,15.675,3.5,0.0,0.0
2013-03-04 06:00:00+01:00,0.0,93.125,65.75,96.425,85.4,98.9,65.25,35.95,73.15,1.0,0.0
2013-03-04 07:00:00+01:00,9.50847457627,128.8,87.325,127.075,116.25,132.05,88.05,38.425,96.475,1.0,0.0
2013-03-04 08:00:00+01:00,59.65,142.9,109.4,151.0,136.7,153.525,109.075,63.85,124.2,1.0,0.0
2013-03-04 09:00:00+01:00,127.833333333,194.025,139.325,183.0,170.425,184.775,136.75,80.75,157.925,1.0,0.0
2013-03-04 10:00:00+01:00,118.3,212.175,162.45,207.4,195.575,208.55,160.7,118.275,186.9,1.0,0.0
2013-03-04 11:00:00+01:00,91.1166666667,178.425,132.925,172.575,166.525,177.95,132.1,83.225,152.55,1.0,0.0
2013-03-04 12:00:00+01:00,70.9666666667,149.375,110.675,150.225,142.05,157.525,111.275,65.325,126.8,1.0,0.0
2013-03-04 13:00:00+01:00,221.266666667,258.05,198.6,241.775,234.175,244.725,195.525,149.575,230.925,1.0,0.0
2013-03-04 14:00:00+01:00,196.133333333,252.75,195.95,241.5,237.575,246.05,194.725,155.875,233.25,1.0,0.0
2013-03-04 15:00:00+01:00,182.116666667,234.1,183.725,220.4,222.075,225.375,179.65,140.875,233.975,1.0,0.0
2013-03-04 16:00:00+01:00,70.9166666667,169.875,128.575,169.525,166.175,179.025,130.675,88.325,150.7,1.0,0.0
2013-03-04 17:00:00+01:00,18.7166666667,140.975,96.9,141.375,127.65,147.2,98.575,51.125,112.35,1.0,0.0
2013-03-04 18:00:00+01:00,5.08333333333,130.625,88.475,124.85,119.45,134.525,88.775,40.5,98.0,1.0,0.0
2013-03-04 19:00:00+01:00,0.0,122.2,82.95,120.55,110.125,129.15,83.975,37.75,92.5,1.0,0.0
2013-03-04 20:00:00+01:00,0.0,117.3,84.175,116.875,115.05,127.475,84.025,40.95,91.45,1.0,0.0
2013-03-04 21:00:00+01:00,0.0,38.75,18.15,26.675,23.675,27.55,18.275,19.775,20.825,0.0,0.0
2013-03-04 22:00:00+01:00,0.0,15.225,1.15,0.775,0.9,0.85,0.825,15.7,3.075,0.0,0.0
2013-03-04 23:00:00+01:00,0.0,13.575,1.175,0.85,0.775,1.05,1.35,17.225,3.05,0.0,0.0
2013-03-05 00:00:00+01:00,0.0,11.875,1.325,0.7,0.9,1.1,0.75,16.025,2.4,0.0,0.0
2013-03-05 01:00:00+01:00,0.0,15.0,1.575,1.075,0.9,1.325,1.125,15.475,2.875,0.0,0.0
2013-03-05 02:00:00+01:00,0.0,14.425,2.2,1.225,0.95,1.225,1.175,15.075,3.55,0.0,0.0
2013-03-05 03:00:00+01:00,0.0,15.525,1.225,1.1,0.975,1.225,0.975,16.575,2.8,0.0,0.0
2013-03-05 04:00:00+01:00,0.0,18.0,1.2,1.375,1.2,1.225,1.375,16.075,3.575,0.0,0.0
2013-03-05 05:00:00+01:00,0.0,16.1,1.575,1.45,0.95,1.275,1.275,15.9,3.025,0.0,0.0
2013-03-05 06:00:00+01:00,0.0,91.875,62.725,90.325,85.95,98.375,63.75,33.15,69.55,1.0,0.0
2013-03-05 07:00:00+01:00,0.05,113.625,84.375,121.1,111.875,130.475,84.9,40.3,91.875,1.0,0.0
2013-03-05 08:00:00+01:00,5.58333333333,109.55,83.35,122.975,112.75,131.025,86.125,45.15,93.625,1.0,0.0
2013-03-05 09:00:00+01:00,16.4166666667,129.95,89.55,133.275,120.75,141.175,92.05,44.425,101.975,1.0,0.0
2013-03-05 10:00:00+01:00,19.5666666667,138.6,93.7,132.95,122.9,139.75,95.925,41.75,107.375,1.0,0.0
2013-03-05 11:00:00+01:00,31.1666666667,131.85,100.575,143.25,131.475,150.0,103.0,57.175,117.125,1.0,0.0
2013-03-05 12:00:00+01:00,33.6833333333,135.0,102.325,144.7,132.75,149.9,105.65,56.775,118.975,1.0,0.0
2013-03-05 13:00:00+01:00,20.05,144.2,94.925,134.55,130.225,144.75,97.925,45.525,106.9,1.0,0.0
2013-03-05 14:00:00+01:00,17.7,134.825,94.5,134.175,128.05,142.4,96.4,45.675,107.575,1.0,0.0
2013-03-05 15:00:00+01:00,15.5833333333,134.5,93.6,133.5,128.45,143.45,95.95,46.0,106.775,1.0,0.0
2013-03-05 16:00:00+01:00,11.8,122.025,88.95,130.3,122.8,138.1,93.75,48.975,103.95,1.0,0.0
2013-03-05 17:00:00+01:00,4.16666666667,121.525,83.95,126.25,116.05,134.85,87.675,41.55,96.4,1.0,0.0
2013-03-05 18:00:00+01:00,0.0,116.65,77.2,124.975,110.85,129.4,84.95,36.85,94.1,1.0,0.0
2013-03-05 19:00:00+01:00,0.0,115.75,74.15,120.4,109.725,129.05,82.6,38.925,88.275,1.0,0.0
2013-03-05 20:00:00+01:00,0.0,119.55,76.0,122.35,114.3,131.3,84.575,39.1,92.0,1.0,0.0
2013-03-05 21:00:00+01:00,0.0,41.05,17.975,27.25,24.7,28.35,18.075,19.4,21.95,0.0,0.0
2013-03-05 22:00:00+01:00,0.0,16.725,1.5,1.125,1.125,1.05,0.85,16.875,2.55,0.0,0.0
2013-03-05 23:00:00+01:00,0.0,15.775,1.675,1.175,1.1,1.325,1.075,17.8,2.45,0.0,0.0
2013-03-06 00:00:00+01:00,0.0,17.675,1.425,1.125,0.85,1.1,0.925,17.1,2.925,0.0,0.0
2013-03-06 01:00:00+01:00,0.0,14.65,1.375,1.025,1.0,0.875,1.1,15.225,2.9,0.0,0.0
2013-03-06 02:00:00+01:00,0.0,15.05,1.75,1.225,1.075,0.85,0.95,15.675,2.85,0.0,0.0
2013-03-06 03:00:00+01:00,0.0,13.475,1.125,0.875,0.925,1.225,0.85,16.5,3.375,0.0,0.0
2013-03-06 04:00:00+01:00,0.0,11.475,1.075,0.85,1.0,0.95,1.025,16.325,2.675,0.0,0.0
2013-03-06 05:00:00+01:00,0.0,10.675,1.15,0.9,0.925,1.025,0.575,16.975,2.35,0.0,0.0
2013-03-06 06:00:00+01:00,0.0,95.075,62.35,91.7,85.65,98.125,63.9,30.625,68.725,1.0,0.0
2013-03-06 07:00:00+01:00,0.294117647059,135.75,82.475,127.675,112.975,133.6,86.35,33.0,93.325,1.0,0.0
2013-03-06 08:00:00+01:00,8.24528301887,128.925,86.275,131.4,118.775,138.9,90.625,41.7,99.875,1.0,0.0
2013-03-06 09:00:00+01:00,20.641509434,134.175,91.1,140.35,118.225,143.75,95.625,44.0,105.625,1.0,0.0
2013-03-06 10:00:00+01:00,34.1132075472,143.475,101.525,144.225,129.075,148.45,104.275,50.5,117.325,1.0,0.0
2013-03-06 11:00:00+01:00,39.6981132075,145.425,104.525,145.85,136.625,154.45,107.875,57.8,120.125,1.0,0.0
2013-03-06 12:00:00+01:00,52.6037735849,154.725,113.8,164.825,147.3,167.4,118.4,70.225,135.675,1.0,0.0
2013-03-06 13:00:00+01:00,51.4339622642,154.55,113.9,161.825,147.225,164.125,118.25,67.1,134.85,1.0,0.0
2013-03-06 14:00:00+01:00,44.8679245283,154.75,112.6,160.9,144.725,163.725,115.5,64.325,132.125,1.0,0.0
2013-03-06 15:00:00+01:00,45.4423076923,152.475,107.875,156.975,141.375,162.0,111.0,60.45,126.2,1.0,0.0
2013-03-06 16:00:00+01:00,30.6603773585,143.6,106.3,147.075,136.775,153.075,108.125,57.2,121.15,1.0,0.0
2013-03-06 17:00:00+01:00,11.6226415094,128.25,93.375,133.625,121.175,138.65,95.5,44.175,107.0,1.0,0.0
2013-03-06 18:00:00+01:00,0.641509433962,117.2,84.3,122.475,112.95,128.775,85.825,37.4,94.3,1.0,0.0
2013-03-06 19:00:00+01:00,0.0,115.05,78.8,119.425,108.75,127.675,82.35,36.75,89.425,1.0,0.0
2013-03-06 20:00:00+01:00,0.0,123.375,78.7,126.35,111.675,134.675,84.475,36.825,90.4,1.0,0.0
2013-03-06 21:00:00+01:00,0.0,38.025,17.775,27.1,23.775,28.225,18.15,22.125,20.325,0.0,0.0
2013-03-06 22:00:00+01:00,,13.025,0.75,0.6,0.6,0.525,0.45,16.85,1.25,,
2013-03-06 23:00:00+01:00,,13.375,1.15,0.9,0.775,0.7,0.675,17.375,1.45,,
2013-03-07 00:00:00+01:00,,13.2,0.95,0.625,0.425,0.5,0.625,13.7,1.3,,
2013-03-07 01:00:00+01:00,,15.15,1.05,0.95,0.55,0.6,0.7,13.875,1.25,,
2013-03-07 02:00:00+01:00,,12.425,0.9,0.425,0.475,0.45,0.425,14.425,1.2,,
2013-03-07 03:00:00+01:00,,12.55,0.7,0.5,0.5,0.5,0.575,13.6,1.375,,
2013-03-07 04:00:00+01:00,,11.15,0.9,0.5,0.375,0.525,0.6,13.925,1.3,,
2013-03-07 05:00:00+01:00,,12.025,0.9,0.55,0.6,0.775,0.6,12.175,1.5,,
2013-03-07 06:00:00+01:00,,98.275,64.775,96.625,82.95,100.875,65.75,26.2,72.275,,
2013-03-07 07:00:00+01:00,,125.15,85.325,129.675,116.15,137.7,89.2,42.25,98.4,,
2013-03-07 08:00:00+01:00,,148.45,105.475,154.25,133.95,157.875,109.95,57.1,126.0,,
2013-03-07 09:00:00+01:00,,164.75,121.125,168.375,155.35,173.6,125.8,78.575,144.15,,
2013-03-07 10:00:00+01:00,,231.625,176.65,226.775,214.375,229.025,179.175,134.625,210.725,,
2013-03-07 11:00:00+01:00,,225.325,182.0,223.875,213.525,223.825,186.05,163.925,218.625,,
2013-03-07 12:00:00+01:00,109.166666667,195.9,144.975,194.875,178.9,200.05,150.2,102.5,175.075,1.0,0.0
2013-03-07 13:00:00+01:00,164.534482759,210.45,163.6,207.725,197.15,213.75,163.925,121.275,192.25,1.0,0.0
2013-03-07 14:00:00+01:00,101.066666667,186.9,146.225,190.225,181.05,197.325,145.3,106.175,173.4,1.0,0.0
2013-03-07 15:00:00+01:00,149.1,210.55,156.8,207.475,187.525,212.25,164.825,119.325,190.075,1.0,0.0
2013-03-07 16:00:00+01:00,103.666666667,182.925,133.325,173.45,167.525,186.525,137.175,87.225,158.0,1.0,0.0
2013-03-07 17:00:00+01:00,113.883333333,198.575,144.925,178.0,175.6,195.45,145.775,90.2,168.125,1.0,0.0
2013-03-07 18:00:00+01:00,1.26666666667,123.45,82.75,115.1,114.125,134.525,88.075,41.4,95.325,1.0,0.0
2013-03-07 19:00:00+01:00,0.0,118.9,79.45,107.35,108.65,131.625,84.3,36.95,92.125,1.0,0.0
2013-03-07 20:00:00+01:00,0.0,116.325,78.475,108.2,109.425,133.875,83.55,40.5,92.475,1.0,0.0
2013-03-07 21:00:00+01:00,0.0,37.55,17.75,26.375,25.2,31.825,19.575,24.65,23.375,0.0,0.0
2013-03-07 22:00:00+01:00,0.0,14.875,1.775,1.025,0.9,1.025,0.85,19.4,2.675,0.0,0.0
2013-03-07 23:00:00+01:00,0.0,13.0,1.175,0.95,0.725,0.675,1.1,19.375,2.775,0.0,0.0
2013-03-08 00:00:00+01:00,0.0,14.275,1.6,1.25,0.925,1.175,1.325,18.175,2.0,0.0,0.0
2013-03-08 01:00:00+01:00,0.0,15.975,1.6,1.4,0.8,1.75,1.0,18.1,2.45,0.0,0.0
2013-03-08 02:00:00+01:00,0.0,12.95,1.35,0.9,0.825,1.025,1.05,19.125,3.075,0.0,0.0
2013-03-08 03:00:00+01:00,0.0,14.95,1.675,1.2,0.95,1.175,0.975,14.825,2.975,0.0,0.0
2013-03-08 04:00:00+01:00,0.0,14.0,1.475,0.925,0.975,1.175,1.1,13.85,2.25,0.0,0.0
2013-03-08 05:00:00+01:00,0.0,17.025,2.025,1.15,1.225,1.175,1.3,10.85,2.65,0.0,0.0
2013-03-08 06:00:00+01:00,0.0,95.45,61.925,76.9,85.6,100.525,62.975,29.875,70.3,1.0,0.0
2013-03-08 07:00:00+01:00,7.53333333333,132.2,86.35,107.7,116.125,137.825,87.775,37.35,97.95,1.0,0.0
2013-03-08 08:00:00+01:00,69.2333333333,152.575,107.775,132.575,138.45,163.1,110.15,59.975,128.2,1.0,0.0
2013-03-08 09:00:00+01:00,213.983333333,198.675,151.95,174.2,179.05,200.525,147.425,102.8,184.2,1.0,0.0
2013-03-08 10:00:00+01:00,319.966666667,256.875,196.3,221.725,230.0,245.025,194.575,146.05,229.6,0.85,0.0
2013-03-08 11:00:00+01:00,593.483333333,183.6,194.75,202.475,189.0,228.1,192.15,315.4,209.55,0.0,5.0
2013-03-08 12:00:00+01:00,539.7,336.85,320.225,309.65,284.45,279.0,242.275,328.45,232.225,0.0,0.0
2013-03-08 13:00:00+01:00,462.9,233.625,220.45,252.125,202.275,193.05,228.175,207.9,215.225,0.0,15.0
2013-03-08 14:00:00+01:00,669.4,550.05,204.65,304.575,546.475,405.35,415.875,612.5,419.025,0.0,0.0
2013-03-08 15:00:00+01:00,403.166666667,294.55,229.65,131.95,290.225,165.075,207.125,369.35,325.15,0.166666666667,0.0
2013-03-08 16:00:00+01:00,212.6,240.425,194.675,180.225,206.675,219.475,167.025,121.25,213.375,1.0,0.0
2013-03-08 17:00:00+01:00,143.616666667,194.5,145.475,152.9,181.5,192.0,149.975,103.825,163.475,1.0,0.0
2013-03-08 18:00:00+01:00,44.2666666667,145.925,98.725,116.75,127.125,150.075,99.725,49.475,109.45,1.0,25.0
2013-03-08 19:00:00+01:00,0.0,128.8,84.75,109.525,108.125,133.825,86.775,32.85,93.875,1.0,100.0
2013-03-08 20:00:00+01:00,0.0,123.65,83.775,110.775,109.35,135.625,83.15,38.75,95.775,0.983333333333,100.0
2013-03-08 21:00:00+01:00,0.0,38.225,17.55,22.325,22.1,27.25,16.8,21.075,19.325,0.0,100.0
2013-03-08 22:00:00+01:00,0.0,14.475,1.15,0.9,0.5,0.525,0.625,19.825,0.5,0.0,100.0
2013-03-08 23:00:00+01:00,0.0,18.175,1.45,1.05,0.775,0.75,0.675,17.55,0.575,0.0,100.0
2013-03-09 00:00:00+01:00,0.0,15.925,1.375,1.275,0.75,0.7,0.75,16.7,0.6,0.0,100.0
2013-03-09 01:00:00+01:00,0.0,17.425,1.225,0.825,0.425,0.675,0.35,15.0,0.575,0.0,100.0
2013-03-09 02:00:00+01:00,0.0,14.4,1.175,0.95,0.525,0.55,0.475,17.3,0.45,0.0,100.0
2013-03-09 03:00:00+01:00,0.0,15.525,1.3,0.775,0.575,0.5,0.4,14.05,0.525,0.0,100.0
2013-03-09 04:00:00+01:00,0.0,12.3,0.925,0.625,0.525,0.5,0.5,16.95,0.3,0.0,100.0
2013-03-09 05:00:00+01:00,0.0,17.3,1.175,1.025,0.7,0.7,0.7,13.0,0.55,0.0,100.0
2013-03-09 06:00:00+01:00,0.0,97.8,64.45,81.125,84.175,103.95,65.025,34.775,75.25,1.0,93.3333333333
2013-03-09 07:00:00+01:00,10.8666666667,128.25,85.675,109.825,112.475,137.8,87.225,37.525,101.35,1.0,0.0
2013-03-09 08:00:00+01:00,100.95,153.375,117.275,124.875,141.5,162.7,110.475,60.425,149.6,1.0,0.0
2013-03-09 09:00:00+01:00,189.1,216.425,164.675,178.35,197.45,214.85,162.175,116.775,198.85,1.0,0.0
2013-03-09 10:00:00+01:00,295.933333333,247.05,196.2,211.175,231.525,249.175,194.025,160.425,233.55,1.0,0.0
2013-03-09 11:00:00+01:00,454.166666667,224.7,209.275,206.425,215.725,232.5,198.05,236.925,233.4,0.0,0.0
2013-03-09 12:00:00+01:00,385.2,201.325,202.35,207.025,210.5,195.75,176.15,225.6,211.8,0.233333333333,0.0
2013-03-09 13:00:00+01:00,500.516666667,241.025,254.425,327.625,220.025,198.25,324.975,275.325,216.325,0.0,0.0
2013-03-09 14:00:00+01:00,552.25,382.65,236.575,246.1,384.175,254.075,297.125,413.425,305.525,0.0,0.0
2013-03-09 15:00:00+01:00,399.672413793,310.8,274.325,186.975,336.05,198.9,200.775,395.05,310.775,0.206896551724,0.0
2013-03-09 16:00:00+01:00,251.813559322,207.825,199.425,149.375,161.0,173.575,162.25,125.15,217.125,0.813559322034,0.0
2013-03-09 17:00:00+01:00,225.678571429,130.5,99.425,99.55,147.45,139.775,125.25,118.35,122.625,0.785714285714,0.0
2013-03-09 18:00:00+01:00,43.7735849057,133.7,95.725,111.775,123.975,143.55,97.05,49.575,108.075,1.0,24.5283018868
2013-03-09 19:00:00+01:00,0.0,112.375,82.35,101.575,108.85,130.0,86.7,39.15,92.175,1.0,100.0
2013-03-09 20:00:00+01:00,0.0,124.075,83.65,103.5,113.075,134.175,87.75,37.9,93.575,1.0,100.0
2013-03-09 21:00:00+01:00,0.0,38.55,18.0,21.225,25.525,29.375,18.75,22.675,19.325,0.0192307692308,100.0
2013-03-09 22:00:00+01:00,0.0,17.25,1.5,1.0,0.7,0.475,0.625,19.4,0.6,0.0,100.0
2013-03-09 23:00:00+01:00,0.0,16.4,1.35,1.05,0.725,0.625,0.575,18.4,0.575,0.0,100.0
2013-03-10 00:00:00+01:00,0.0,14.5,1.375,1.0,0.725,0.5,0.475,17.325,0.375,0.0,100.0
2013-03-10 01:00:00+01:00,0.0,15.9,1.125,1.075,0.625,0.6,0.675,16.725,0.525,0.0,100.0
2013-03-10 02:00:00+01:00,0.0,16.5,1.4,1.225,0.725,0.7,0.825,14.25,0.675,0.0,100.0
2013-03-10 03:00:00+01:00,0.0,13.825,0.95,0.7,0.5,0.6,0.5,16.225,0.65,0.0,100.0
2013-03-10 04:00:00+01:00,0.0,12.875,0.9,0.75,0.55,0.575,0.55,17.075,0.525,0.0,100.0
2013-03-10 05:00:00+01:00,0.0,13.95,1.05,0.725,0.425,0.525,0.425,14.725,0.325,0.0185185185185,100.0
2013-03-10 06:00:00+01:00,0.0188679245283,97.975,64.05,77.925,86.15,103.45,66.725,32.325,71.925,1.0,94.3396226415
2013-03-10 07:00:00+01:00,27.7454545455,126.325,90.725,109.875,117.5,140.3,93.625,44.825,106.4,1.0,0.0
2013-03-10 08:00:00+01:00,115.842105263,176.825,128.35,143.125,158.225,178.9,126.875,75.5,155.0,1.0,0.0
2013-03-10 09:00:00+01:00,204.883333333,197.325,141.225,160.975,170.35,192.05,130.725,89.8,167.6,1.0,0.0
2013-03-10 10:00:00+01:00,483.266666667,178.25,163.425,238.8,194.65,183.25,244.45,139.1,174.175,0.1,0.0
2013-03-10 11:00:00+01:00,555.783333333,188.075,181.95,160.875,180.375,227.45,150.05,304.075,182.3,0.0,0.0
2013-03-10 12:00:00+01:00,673.416666667,466.825,407.425,349.45,274.525,341.675,321.525,261.825,165.65,0.0,0.0
2013-03-10 13:00:00+01:00,681.283333333,287.9,475.025,534.65,188.0,261.2,307.825,271.75,199.75,0.0,0.0
2013-03-10 14:00:00+01:00,313.3,310.0,216.45,167.75,310.775,179.975,231.15,284.7,330.1,0.583333333333,0.0
2013-03-10 15:00:00+01:00,461.266666667,319.0,141.2,208.4,321.575,306.025,277.825,312.425,356.25,0.25,0.0
2013-03-10 16:00:00+01:00,185.616666667,160.35,105.275,144.35,179.2,173.525,152.1,149.775,204.95,0.733333333333,0.0
2013-03-10 17:00:00+01:00,123.683333333,170.375,147.525,177.85,155.625,186.275,111.25,89.05,154.35,1.0,0.0
2013-03-10 18:00:00+01:00,17.45,125.975,108.925,132.775,113.925,143.4,73.975,47.975,110.175,1.0,25.0
2013-03-10 19:00:00+01:00,0.0,113.825,89.625,117.575,102.175,131.55,61.35,39.325,91.725,1.0,100.0
2013-03-10 20:00:00+01:00,0.0,124.25,88.75,124.725,102.575,136.925,62.55,37.175,94.325,1.0,100.0
2013-03-10 21:00:00+01:00,0.0,40.7,20.65,29.2,21.375,29.85,13.575,19.9,21.2,0.0,100.0
2013-03-10 22:00:00+01:00,0.0,19.15,1.3,0.975,0.55,0.575,0.525,16.7,0.45,0.0,100.0
2013-03-10 23:00:00+01:00,0.0,15.075,1.225,0.825,0.475,0.475,0.45,19.2,0.575,0.0,100.0
2013-03-11 00:00:00+01:00,0.0,10.725,0.75,0.775,0.525,0.45,0.4,19.525,0.45,0.0,100.0
2013-03-11 01:00:00+01:00,0.0,12.0,0.6,0.675,0.3,0.625,0.5,15.625,0.425,0.0,100.0
2013-03-11 02:00:00+01:00,0.0,12.75,0.85,0.925,0.525,0.425,0.6,14.9,0.5,0.0,100.0
2013-03-11 03:00:00+01:00,0.0,12.675,0.75,0.725,0.525,0.4,0.6,15.075,0.575,0.0,100.0
2013-03-11 04:00:00+01:00,0.0,14.975,1.1,0.9,0.7,0.525,0.55,15.5,0.575,0.0,100.0
2013-03-11 05:00:00+01:00,0.0,10.325,0.8,0.675,0.425,0.525,0.575,18.125,0.425,0.0166666666667,100.0
2013-03-11 06:00:00+01:00,0.0,103.15,91.6,91.725,81.025,105.35,47.35,31.5,72.125,1.0,78.3333333333
2013-03-11 07:00:00+01:00,38.35,138.025,123.575,121.325,111.275,137.725,64.575,38.7,110.075,1.0,0.0
2013-03-11 08:00:00+01:00,92.3,147.05,139.3,144.1,129.575,158.825,81.2,61.05,144.15,1.0,0.0
2013-03-11 09:00:00+01:00,325.083333333,111.275,111.95,124.5,126.8,123.35,95.625,100.975,162.425,1.0,0.0
2013-03-11 10:00:00+01:00,569.833333333,161.125,93.6,133.2,148.85,126.225,157.2,106.525,123.25,0.0166666666667,0.0
2013-03-11 11:00:00+01:00,645.116666667,72.925,70.6,117.775,82.775,75.175,75.75,140.3,112.075,0.0,0.0
2013-03-11 12:00:00+01:00,578.5,91.025,80.425,134.7,87.7,81.025,77.525,88.6,132.05,0.0,0.0
2013-03-11 13:00:00+01:00,376.65,111.375,92.2,137.475,88.3,89.2,87.275,118.925,134.325,0.25,0.0
2013-03-11 14:00:00+01:00,247.65,59.0,37.075,76.9,51.2,49.225,37.7,50.85,57.75,0.416666666667,0.0
2013-03-11 15:00:00+01:00,115.716666667,28.925,13.925,38.275,20.3,19.825,17.925,31.4,24.275,1.0,0.0
2013-03-11 16:00:00+01:00,24.4666666667,27.725,13.95,19.175,19.425,18.275,16.9,30.5,24.4,1.0,0.0
2013-03-11 17:00:00+01:00,82.5833333333,71.3,57.25,57.45,50.275,61.275,34.225,36.075,50.65,1.0,0.0
2013-03-11 18:00:00+01:00,36.65,160.6,152.175,151.35,135.6,164.8,90.575,67.325,132.4,1.0,15.0
2013-03-11 19:00:00+01:00,0.0,120.575,118.9,118.925,98.925,132.325,60.85,38.775,92.6,1.0,100.0
2013-03-11 20:00:00+01:00,0.0,123.8,124.0,120.625,102.875,134.85,63.05,41.025,95.8,1.0,100.0
2013-03-11 21:00:00+01:00,0.0,38.8,27.175,27.15,22.675,30.05,13.7,22.7,20.85,0.0,100.0
2013-03-11 22:00:00+01:00,0.0,15.975,1.2,0.95,0.6,0.55,0.5,17.625,0.45,0.0,100.0
2013-03-11 23:00:00+01:00,0.0,17.575,1.4,1.125,0.875,0.625,0.65,18.375,0.8,0.0,100.0
2013-03-12 00:00:00+01:00,0.0,17.425,1.625,1.6,0.775,0.75,0.7,16.675,0.625,0.0,100.0
2013-03-12 01:00:00+01:00,0.0,17.75,1.4,1.075,0.55,0.725,0.525,15.725,0.65,0.0,100.0
2013-03-12 02:00:00+01:00,0.0,15.35,1.1,1.025,0.575,0.475,0.475,15.35,0.675,0.0,100.0
2013-03-12 03:00:00+01:00,0.0,14.725,1.275,0.975,0.725,0.525,0.5,17.05,0.625,0.0,100.0
2013-03-12 04:00:00+01:00,0.0,16.55,1.375,1.025,0.625,0.7,0.675,16.1,0.55,0.0,100.0
2013-03-12 05:00:00+01:00,0.0,16.6,1.45,1.175,0.675,0.825,0.75,15.2,0.6,0.0166666666667,100.0
2013-03-12 06:00:00+01:00,0.0,95.575,90.7,87.275,79.975,102.425,46.825,35.4,71.4,1.0,78.3333333333
2013-03-12 07:00:00+01:00,33.1,132.225,130.3,132.7,109.85,143.375,69.25,46.3,106.2,1.0,0.0
2013-03-12 08:00:00+01:00,94.8333333333,167.2,157.55,157.375,142.975,169.2,96.325,71.7,141.1,1.0,0.0
2013-03-12 09:00:00+01:00,170.933333333,129.45,113.15,138.7,110.925,126.3,81.55,80.1,120.925,1.0,0.0
2013-03-12 10:00:00+01:00,276.816666667,36.15,23.8,64.55,33.0,31.4,29.925,41.3,42.825,1.0,0.0
2013-03-12 11:00:00+01:00,504.616666667,54.675,52.125,120.325,65.35,62.5,56.525,84.6,112.85,0.166666666667,0.0
2013-03-12 12:00:00+01:00,440.133333333,66.175,62.975,115.375,69.7,62.625,62.775,76.025,98.925,0.0,0.0
2013-03-12 13:00:00+01:00,408.983333333,61.525,55.625,105.95,55.55,53.8,52.825,62.125,70.8,0.15,0.0
2013-03-12 14:00:00+01:00,626.7,96.65,80.275,130.275,96.15,92.875,69.2,109.625,113.725,0.0,0.0
2013-03-12 15:00:00+01:00,540.133333333,104.05,102.125,317.1,105.625,101.725,97.075,112.675,96.7,0.0,0.0
2013-03-12 16:00:00+01:00,331.553571429,35.275,35.075,154.9,33.475,35.975,38.8,47.7,45.15,0.607142857143,0.0
2013-03-12 17:00:00+01:00,193.381818182,91.65,104.875,101.65,93.825,114.5,110.975,130.15,103.65,0.745454545455,0.0
2013-03-12 18:00:00+01:00,17.9433962264,130.925,125.125,128.475,109.675,144.25,68.125,49.375,104.125,1.0,15.0943396226
2013-03-12 19:00:00+01:00,0.0,122.1,121.025,117.65,101.35,133.175,60.75,39.95,93.45,1.0,100.0
2013-03-12 20:00:00+01:00,0.0,126.375,121.3,122.1,103.525,138.525,61.25,42.7,94.275,1.0,100.0
2013-03-12 21:00:00+01:00,0.0,40.675,27.65,27.15,22.475,29.75,13.95,22.425,21.375,0.0,100.0
2013-03-12 22:00:00+01:00,0.0,17.2,1.15,0.95,0.575,0.4,0.525,16.825,0.55,0.0,100.0
2013-03-12 23:00:00+01:00,0.0,11.775,0.975,0.85,0.55,0.525,0.575,21.925,0.45,0.0,100.0
2013-03-13 00:00:00+01:00,0.0,14.325,1.125,0.975,0.45,0.55,0.6,18.4,0.55,0.0,100.0
2013-03-13 01:00:00+01:00,0.0,15.6,1.1,1.0,0.65,0.525,0.625,18.5,0.625,0.0,100.0
2013-03-13 02:00:00+01:00,0.0,14.575,1.375,1.175,0.725,0.775,0.7,18.025,0.625,0.0,100.0
2013-03-13 03:00:00+01:00,0.0,15.85,1.25,1.2,0.525,0.7,0.6,18.675,0.475,0.0,100.0
2013-03-13 04:00:00+01:00,0.0,19.75,1.825,1.25,0.8,0.8,0.65,16.325,0.625,0.0,100.0
2013-03-13 05:00:00+01:00,0.0,15.75,1.325,1.2,0.825,0.675,0.8,18.775,0.675,0.0,100.0
2013-03-13 06:00:00+01:00,0.0377358490566,98.35,95.325,91.225,82.15,105.45,47.975,38.075,74.25,1.0,92.4528301887
2013-03-13 07:00:00+01:00,72.462962963,147.25,130.775,127.675,125.65,149.575,69.875,50.325,128.325,1.0,0.0
2013-03-13 08:00:00+01:00,271.192982456,171.4,161.075,164.75,153.3,218.425,105.95,85.55,317.25,1.0,0.0
2013-03-13 09:00:00+01:00,443.559322034,96.325,76.45,93.0,102.2,86.3,68.775,64.8,157.1,0.101694915254,0.0
2013-03-13 10:00:00+01:00,591.9,68.575,49.275,69.375,72.125,63.2,66.35,63.625,82.975,0.0,0.0
2013-03-13 11:00:00+01:00,625.383333333,80.5,65.525,101.15,78.275,78.275,67.5,132.55,144.275,0.0,0.0
2013-03-13 12:00:00+01:00,641.633333333,101.625,91.325,148.85,87.125,92.25,81.325,82.0,94.925,0.0,0.0
2013-03-13 13:00:00+01:00,399.466666667,59.25,71.325,142.95,70.925,66.475,63.8,69.825,76.65,0.0,0.0
2013-03-13 14:00:00+01:00,321.4,46.4,43.025,105.925,55.225,52.9,43.775,62.725,67.0,0.416666666667,0.0
2013-03-13 15:00:00+01:00,188.933333333,38.4,24.725,76.0,31.4,29.7,26.625,34.975,37.3,1.0,0.0
2013-03-13 16:00:00+01:00,236.0,127.675,126.825,140.15,117.8,129.3,88.95,108.6,126.9,1.0,0.0
2013-03-13 17:00:00+01:00,206.766666667,187.225,188.55,224.525,161.475,194.975,141.3,137.2,171.625,1.0,0.0
2013-03-13 18:00:00+01:00,42.4666666667,143.5,142.975,203.55,114.525,152.2,78.75,52.9,119.95,1.0,14.1666666667
2013-03-13 19:00:00+01:00,0.0,128.275,123.225,176.2,103.975,138.35,63.025,43.85,97.4,1.0,100.0
2013-03-13 20:00:00+01:00,0.0,132.825,125.2,177.675,104.7,138.475,64.0,40.3,99.6,1.0,100.0
2013-03-13 21:00:00+01:00,0.0,36.3,25.725,36.425,22.05,28.575,13.175,24.325,20.475,0.0,100.0
2013-03-13 22:00:00+01:00,0.0,16.425,1.125,1.0,0.7,0.5,0.65,18.325,0.6,0.0,100.0
2013-03-13 23:00:00+01:00,0.0,16.7,1.225,1.05,0.725,0.525,0.575,17.6,0.575,0.0,100.0
2013-03-14 00:00:00+01:00,0.0,17.975,1.55,1.275,0.7,0.725,0.65,17.525,0.575,0.0,100.0
2013-03-14 01:00:00+01:00,0.0,16.45,1.575,1.35,0.825,0.975,0.8,18.975,0.7,0.0,100.0
2013-03-14 02:00:00+01:00,0.0,19.175,1.925,1.725,1.15,1.05,1.125,18.5,0.9,0.0,100.0
2013-03-14 03:00:00+01:00,0.0,17.875,1.95,1.45,0.925,0.9,0.975,19.6,0.85,0.0,100.0
2013-03-14 04:00:00+01:00,0.0,16.7,1.65,1.275,0.825,0.9,0.8,18.2,0.85,0.0,100.0
2013-03-14 05:00:00+01:00,0.0,17.15,1.7,1.375,0.925,0.9,0.825,19.125,0.725,0.0166666666667,100.0
2013-03-14 06:00:00+01:00,0.116666666667,111.975,96.825,124.275,86.65,104.95,49.45,32.65,75.225,1.0,96.6666666667
2013-03-14 07:00:00+01:00,67.85,146.975,133.875,181.4,128.45,151.525,71.575,55.45,129.475,1.0,0.0
2013-03-14 08:00:00+01:00,247.466666667,177.3,162.875,222.175,155.575,228.95,105.225,84.55,303.825,1.0,0.0
2013-03-14 09:00:00+01:00,413.433333333,167.925,125.925,206.55,151.35,142.15,155.725,84.425,179.1,0.333333333333,0.0
2013-03-14 10:00:00+01:00,579.966666667,129.0,112.725,149.85,185.3,151.375,136.1,108.225,118.0,0.0,0.0
2013-03-14 11:00:00+01:00,677.633333333,199.1,250.55,350.25,239.55,281.375,374.25,490.8,247.775,0.0,0.0
2013-03-14 12:00:00+01:00,741.2,500.35,438.4,537.275,394.8,411.6,380.025,144.85,166.275,0.0,0.0
2013-03-14 13:00:00+01:00,688.25,462.25,562.8,562.375,269.925,371.575,477.05,296.575,312.475,0.0,0.0
2013-03-14 14:00:00+01:00,655.383333333,537.3,356.0,260.5,446.575,383.725,127.45,581.7,691.375,0.0,0.0
2013-03-14 15:00:00+01:00,564.633333333,357.225,224.25,295.8,271.725,234.8,192.1,523.225,408.7,0.0,0.0
2013-03-14 16:00:00+01:00,431.466666667,235.775,249.375,304.725,174.95,245.875,316.25,133.95,163.825,0.0,0.0
2013-03-14 17:00:00+01:00,244.783333333,111.875,119.1,111.425,109.65,129.275,113.8,165.4,119.625,0.783333333333,0.0
2013-03-14 18:00:00+01:00,59.05,137.95,135.475,136.2,119.05,148.45,76.925,57.325,115.425,1.0,15.0
2013-03-14 19:00:00+01:00,0.0,120.675,119.3,155.5,105.1,133.6,63.9,46.95,96.1,1.0,100.0
2013-03-14 20:00:00+01:00,0.0,130.9,124.45,176.25,104.925,139.4,64.175,40.85,101.25,1.0,100.0
2013-03-14 21:00:00+01:00,0.0,39.175,27.525,38.275,22.95,29.7,14.55,25.4,24.025,0.0,100.0
2013-03-14 22:00:00+01:00,0.0,17.45,2.025,1.325,1.3,1.55,1.275,16.825,4.175,0.0,100.0
2013-03-14 23:00:00+01:00,0.0,16.775,2.0,1.25,1.225,1.35,1.5,16.35,4.675,0.0,100.0
2013-03-15 00:00:00+01:00,0.0,21.075,2.7,2.0,1.85,2.05,1.775,15.6,4.3,0.0,100.0
2013-03-15 01:00:00+01:00,0.0,14.875,1.775,1.05,1.525,1.25,1.175,19.325,3.8,0.0,100.0
2013-03-15 02:00:00+01:00,0.0,20.725,2.725,1.975,2.225,1.925,1.85,16.9,3.975,0.0,100.0
2013-03-15 03:00:00+01:00,0.0,16.7,1.975,1.65,1.35,1.3,1.35,17.525,3.825,0.0,100.0
2013-03-15 04:00:00+01:00,0.0,18.375,2.025,1.8,1.675,1.925,1.45,18.225,4.2,0.0,100.0
2013-03-15 05:00:00+01:00,0.0,13.55,1.85,1.375,1.15,1.15,1.425,19.275,4.35,0.0,100.0
2013-03-15 06:00:00+01:00,0.183333333333,108.05,100.975,132.85,85.5,109.9,51.625,38.975,81.5,1.0,98.3333333333
2013-03-15 07:00:00+01:00,5.875,103.4,88.875,121.45,90.25,104.5,48.975,46.65,98.525,1.0,0.0
2013-03-15 08:00:00+01:00,,85.1,72.65,79.575,82.75,97.725,50.075,58.8,253.225,,
2013-03-15 09:00:00+01:00,501.785714286,57.85,35.8,50.475,85.75,43.425,47.275,55.85,102.45,0.0,42.8571428571
2013-03-15 10:00:00+01:00,585.134615385,66.225,50.825,71.05,76.225,76.8,66.2,77.8,89.075,0.0,0.0
2013-03-15 11:00:00+01:00,686.407407407,91.7,74.975,121.75,90.1,89.1,89.525,198.1,195.95,0.0,0.0
2013-03-15 12:00:00+01:00,741.25,132.575,111.775,139.775,116.925,101.8,91.575,78.1,94.275,0.0,0.0
2013-03-15 13:00:00+01:00,740.811320755,125.7,144.825,165.875,95.3,102.25,121.25,91.65,101.05,0.0,0.0
2013-03-15 14:00:00+01:00,685.169811321,122.95,101.425,115.175,110.45,121.5,68.925,131.15,150.275,0.0,0.0
2013-03-15 15:00:00+01:00,580.25,110.625,114.225,287.0,139.9,99.025,94.425,108.575,94.05,0.0,0.0
2013-03-15 16:00:00+01:00,430.038461538,59.05,65.15,293.775,51.575,57.75,69.95,67.25,64.1,0.0,0.0
2013-03-15 17:00:00+01:00,252.660377358,33.2,19.5,35.7,18.75,20.975,48.575,41.225,26.9,0.77358490566,0.0
2013-03-15 18:00:00+01:00,65.4615384615,17.65,3.45,9.025,3.3,7.775,5.7,24.025,7.45,1.0,15.3846153846
2013-03-15 19:00:00+01:00,0.0,16.4,1.675,1.35,1.05,1.5,1.225,17.025,2.225,1.0,100.0
2013-03-15 20:00:00+01:00,0.0,15.825,1.725,1.375,1.225,1.125,1.025,20.4,3.425,1.0,100.0
2013-03-15 21:00:00+01:00,0.0,17.65,2.175,1.5,1.3,1.4,1.2,18.275,3.05,0.0,100.0
2013-03-15 22:00:00+01:00,0.0,17.2,1.85,1.35,1.275,1.3,1.4,18.65,2.625,0.0,100.0
2013-03-15 23:00:00+01:00,0.0,17.7,2.15,1.375,1.525,1.875,1.225,18.325,2.975,0.0,100.0
