vid,class,number
3,U,16
30,I,1
32,D,0
34,D,0
36,I,1
38,D,0
40,I,1
42,D,0
44,I,2
47,D,0
50,D,0
56,D,0
58,I,1
60,D,0
62,I,1
64,U,5
72,I,0
77,I,0
82,I,1
84,D,0
86,I,1
89,D,0
95,I,0
99,I,1
102,D,0
104,I,1
106,D,0
111,W,1
119,D,0
121,I,1
123,D,0
129,I,1
131,D,0
133,I,1
135,D,0
142,I,1
144,D,0
146,I,1
148,D,0
150,I,1
152,W,0
161,I,1
163,W,2
169,I,0
173,I,0
178,I,2
181,D,0
184,D,0
189,I,1
191,D,0
193,I,1
195,D,0
197,I,1
199,D,0
201,I,1
203,D,0
205,I,2
208,D,0
211,D,0
216,I,1
218,D,0
220,I,1
222,U,22
237,I,0
242,I,1
244,D,0
246,I,2
249,D,0
253,D,0
257,I,1
259,D,0
261,I,1
263,D,0
265,D,0
269,I,1
271,D,0
273,I,1
275,I,1
277,D,0
282,I,1
284,D,0
286,I,1
289,D,0
294,I,1
296,D,0
298,I,1
300,D,0
304,I,1
306,W,0
313,I,1
315,D,0
317,I,1
320,D,0
325,I,1
327,D,0
329,I,1
331,D,0
333,I,1
335,D,0
339,I,1
341,D,0
343,I,1
345,D,0
349,I,2
352,D,0
354,I,1
356,D,0
358,I,1
360,D,0
363,D,0
365,U,9
375,I,1
377,D,0
381,I,1
383,D,0
388,I,1
390,D,0
394,I,1
396,D,0
400,I,1
402,D,0
406,I,1
408,D,0
412,I,1
414,D,0
418,I,2
421,D,0
425,D,0
429,I,1
431,D,0
435,I,1
438,W,0
447,I,1
449,D,0
451,I,1
453,D,0
455,I,1
457,D,0
461,I,1
463,D,0
465,I,1
467,D,0
469,I,1
471,D,0
476,I,1
478,D,0
480,I,1
482,D,0
484,I,1
486,D,0
491,I,1
493,D,0
495,I,1
497,D,0
499,I,1
502,D,0
509,I,1
511,D,0
513,I,1
515,D,0
517,I,1
519,D,0
524,I,1
526,D,0
528,I,1
530,D,0
532,D,0
536,I,1
538,D,0
540,I,1
542,D,0
544,I,1
546,D,0
550,I,1
553,D,0
555,W,2
565,I,1
567,D,0
571,I,1
573,D,0
577,I,2
580,D,0
584,D,0
589,I,1
591,D,0
593,I,1
595,D,0
597,I,1
600,D,0
605,I,1
607,D,0
609,I,1
611,D,0
613,I,1
615,D,0
619,I,1
621,D,0
623,I,1
625,D,0
629,W,0
636,I,0
638,I,1
640,U,8
645,D,0
647,I,1
649,D,0
655,D,0
657,I,1
659,D,0
664,I,1
666,D,1
669,D,0
671,I,1
673,D,0
677,I,1
679,D,0
684,I,1
686,D,0
690,I,1
692,D,0
694,I,1
696,D,0
701,I,1
703,D,0
705,D,0
710,D,0
712,I,1
714,D,0
719,I,1
721,W,2
731,I,1
733,D,0
737,I,1
739,D,0
744,I,1
746,D,0
751,I,1
753,U,19
772,I,1
774,U,2
799,I,1
801,D,0
803,I,1
805,D,0
807,I,1
809,D,0
813,I,1
815,D,0
817,I,1
819,D,0
821,I,1
824,D,0
829,I,2
832,U,10
842,I,1
844,D,0
846,D,0
850,I,1
852,D,0
854,D,0
858,I,1
860,D,0
862,I,1
864,D,0
868,I,1
870,D,0
872,I,0
876,I,1
878,D,0
883,I,0
888,I,1
890,D,0
892,D,0
897,I,1
899,D,0
901,I,1
904,D,0
909,I,1
911,D,0
913,I,1
915,D,0
919,I,1
921,D,0
923,I,1
925,D,0
928,W,0
932,W,4
941,D,0
943,D,0
948,D,0
950,D,0
954,D,0
958,D,0
960,D,0
962,W,6
970,I,1
972,D,0
977,I,1
979,D,0
983,I,1
985,D,0
989,I,1
991,D,0
995,I,1
997,D,0
1001,I,1
1003,D,0
1008,I,1
1011,D,0
1015,U,9
1024,I,1
1026,D,0
1028,I,1
1030,D,0
1035,I,0
1039,I,1
1041,D,0
1043,I,1
1046,D,0
1051,I,1
1053,D,0
1057,I,1
1059,D,0
1061,I,1
1063,D,0
1067,I,1
1069,D,0
1073,I,1
1075,D,0
1077,I,1
1079,D,0
1083,I,1
1085,D,0
1087,I,1
1089,D,0
1093,I,1
1095,D,0
1097,I,1
1099,D,0
1104,W,0
1108,W,0
1122,W,8
1130,I,1
1132,D,0
1137,I,1
1139,D,0
1143,I,1
1145,D,0
1149,I,1
1151,D,0
1155,I,1
1157,D,0
1161,I,1
1163,D,0
1167,I,1
1169,D,0
1173,D,0
1177,I,1
1180,W,0
1191,I,1
1193,W,0
1195,I,1
1197,D,0
1199,I,1
1201,W,7
1209,I,0
1213,I,0
1217,I,1
1219,D,0
1223,I,1
1225,D,0
1229,I,1
1232,D,0
1237,I,1
1239,D,0
1243,I,1
1245,D,0
1248,I,1
1251,D,0
1256,I,1
1258,D,0
1260,I,1
1262,W,0
1269,W,4
1278,D,0
1282,D,0
1288,I,2
1291,D,0
1295,D,0
1299,I,0
1305,I,1
1307,D,0
1314,I,1
1316,D,0
1318,I,1
1320,D,0
1322,I,1
1324,W,0
1331,I,1
1334,D,0
1339,I,1
1341,D,0
1343,I,1
1345,D,0
1347,I,1
1349,D,0
1351,I,1
1353,D,0
1357,I,1
1359,D,0
1361,I,1
1364,W,1
1369,D,0
1371,I,1
1373,D,0
1378,I,1
1380,W,3
1389,D,0
1393,I,0
1397,I,1
1399,D,0
1402,I,2
1405,D,0
1409,D,0
1414,I,1
1416,D,0
1418,I,1
1420,D,0
1422,I,1
1424,D,0
1426,I,1
1428,D,0
1433,I,1
1435,W,0
1450,I,1
1453,U,10
1461,I,1
1463,D,0
1465,I,0
1469,I,1
1471,D,0
1473,I,1
1475,D,0
1479,I,1
1481,D,0
1483,I,2
1486,D,0
1490,D,0
1494,I,1
1496,D,0
1500,I,1
1502,D,0
1504,I,1
1506,D,0
1510,I,1
1512,D,0
1514,D,0
1519,I,1
1521,D,0
1523,I,1
1526,D,0
1532,I,0
1536,I,1
1538,D,0
1540,I,1
1542,D,0
1546,I,1
1548,D,0
1550,I,1
1552,D,0
1556,I,1
1558,W,0
1566,I,2
1569,D,0
1573,D,0
1581,I,2
1584,D,0
1586,I,1
1588,D,0
1590,I,1
1592,D,0
1596,D,0
1598,I,1
1600,D,0
1602,I,1
1604,D,0
1606,D,0
1610,I,1
1612,D,0
1614,I,1
1616,D,0
1618,I,1
1620,D,0
1622,I,1
1624,D,0
1628,I,1
1630,D,0
1632,I,1
1634,D,0
1636,I,1
1638,D,0
1640,I,1
1642,D,0
1647,I,1
1649,D,0
1651,I,1
1653,W,0
1660,I,1
1662,W,0
1669,I,2
1672,D,0
1676,D,0
1680,I,1
1682,D,0
1684,I,1
1686,D,0
1688,I,2
1691,D,0
1694,D,0
1696,I,1
1698,D,0
1702,I,1
1704,D,0
1706,I,1
1709,W,0
1714,I,1
1716,D,0
1718,I,1
1720,D,0
1726,I,1
1728,D,0
1730,W,0
1745,I,1
1748,W,7
1760,I,0
1764,I,0
1768,I,1
1770,D,0
1772,D,0
1777,I,1
1779,D,0
1783,I,1
1785,D,0
1787,I,1
1790,D,0
1795,I,1
1797,D,0
1799,I,1
1802,D,0
1808,I,1
1810,D,0
1812,I,1
1814,D,0
1818,I,2
1821,W,1
1826,I,0
1831,I,2
1834,D,0
1838,D,0
1842,W,0
1848,I,1
1851,D,0
1857,I,1
1859,D,0
1861,I,1
1863,D,0
1865,I,1
1867,D,0
1869,I,1
1872,D,0
1878,I,1
1880,D,0
1882,I,1
1884,D,0
1886,I,1
1888,D,0
1890,I,1
1893,D,0
1899,I,1
1901,U,8
1914,I,1
1916,D,0
1918,I,1
1920,D,0
1922,I,1
1924,D,0
1928,I,2
1931,D,0
1933,I,1
1935,D,0
1937,I,1
1939,D,0
1942,D,0
1946,I,1
1948,D,0
1950,I,1
1952,D,0
1954,I,1
1957,D,0
1965,I,1
1967,D,0
1969,I,1
1971,D,0
1973,I,1
1975,D,0
1979,I,1
1981,D,0
1983,I,0
1987,I,1
1989,D,0
1991,I,1
1993,D,0
1995,I,1
1997,D,0
2001,I,1
2003,D,0
2005,I,1
2007,D,0
2009,I,1
2011,D,0
2015,I,1
2017,D,0
2019,I,1
2021,D,0
2025,W,3
2036,I,0
2040,W,5
2048,I,1
2050,D,0
2052,I,1
2054,D,0
2058,I,1
2060,D,0
2062,D,0
2066,I,1
2068,D,0
2070,D,0
2074,I,1
2076,D,0
2078,I,1
2080,D,0
2086,I,1
2088,D,0
2090,I,1
2092,D,0
2096,I,1
2098,D,0
2100,I,1
2103,D,0
2110,U,9
2114,D,0
2119,I,1
2121,D,0
2123,D,0
2130,I,1
2132,D,0
2134,D,0
2138,I,1
2140,D,0
2142,D,0
2148,I,1
2150,D,0
2152,D,0
2157,I,1
2159,D,0
2161,D,0
2165,I,0
2169,I,1
2171,D,0
2173,D,0
2178,I,3
2181,D,0
2187,W,0
2202,I,2
2205,D,0
2209,D,0
2213,W,1
2220,I,1
2222,D,0
2227,I,1
2229,D,0
2234,W,0
2243,I,1
2245,W,4
2251,D,0
2256,I,1
2258,D,0
2262,D,0
2266,I,1
2268,D,0
2274,I,2
2277,D,0
2281,D,0
2287,I,1
2289,D,0
2291,I,1
2293,D,0
2295,I,0
2298,I,2
2303,U,9
2313,I,1
2315,D,0
2317,I,1
2319,D,0
2321,D,0
2327,I,1
2329,D,0
2331,I,1
2333,D,0
2335,I,1
2337,D,0
2344,I,1
2346,D,0
2348,I,1
2350,D,0
2352,I,1
2354,D,0
2358,I,1
2360,D,0
2362,I,1
2364,D,0
2366,I,1
2368,D,0
2373,I,1
2375,D,0
2377,I,1
2379,D,0
2381,I,1
2383,D,0
2388,I,2
2391,D,0
2393,I,1
2395,D,0
2397,I,1
2399,D,0
2402,D,0
2404,I,1
2406,D,0
2408,I,1
2410,D,0
2414,I,1
2416,D,0
2418,I,1
2420,D,0
2422,I,1
2424,D,0
2428,I,2
2431,D,0
2433,I,1
2435,D,0
2437,I,1
2439,D,0
2443,D,0
2445,I,1
2447,W,3
2454,I,1
2456,D,0
2460,I,0
2465,I,1
2467,D,0
2471,I,2
2474,D,0
2478,D,0
2484,I,1
2486,D,0
2490,W,2
2504,I,1
2506,D,0
2508,I,1
2510,D,0
2514,I,1
2516,W,0
2523,I,1
2525,W,1
2533,I,1
2535,D,0
2540,I,2
2543,D,0
2547,D,0
2553,I,1
2556,U,7
2564,I,1
2566,D,0
2570,I,1
2572,D,0
2574,D,0
2580,I,0
2586,I,1
2588,D,0
2590,D,0
2595,I,1
2597,D,0
2599,I,1
2601,D,0
2605,I,1
2607,D,0
2609,D,0
2613,I,1
2615,D,0
2617,I,1
2619,D,0
2623,I,1
2625,W,3
2632,I,0
2637,I,1
2639,D,0
2643,I,1
2645,D,0
2651,I,1
2653,D,0
2656,U,7
2667,I,1
2669,D,0
2671,I,1
2673,D,0
2675,I,1
2678,D,0
2685,I,1
2687,D,0
2689,I,1
2691,D,0
2693,I,1
2695,D,0
2699,I,1
2701,D,0
2703,I,1
2705,D,0
2707,I,1
2710,D,0
2715,I,1
2717,D,0
2719,I,1
2721,D,0
2723,I,1
2726,D,0
2731,I,1
2733,D,0
2735,I,1
2737,D,0
2739,I,1
2741,D,0
2746,I,1
2748,D,0
2750,I,1
2752,D,0
2754,I,1
2756,D,0
2760,I,1
2762,D,0
2764,I,1
2766,D,0
2768,I,1
2771,D,0
2774,W,3
2784,I,1
2786,D,0
2788,I,1
2790,D,0
2792,I,1
2795,D,0
2800,I,1
2802,D,0
2804,I,1
2806,W,0
2819,I,1
2821,D,0
2826,I,1
2828,W,0
2835,I,1
2837,W,3
2845,I,1
2847,D,0
2851,D,0
2856,D,0
2860,I,1
2862,D,0
2864,I,1
2866,U,8
2872,I,1
2874,D,0
2881,I,1
2883,D,0
2885,D,0
2891,I,1
2893,D,0
2895,D,0
2899,I,1
2901,D,0
2903,I,2
2906,D,0
2910,D,0
2914,I,1
2916,D,0
2918,I,1
2920,D,0
2924,I,1
2926,D,0
2928,I,1
2931,D,0
2936,I,1
2938,D,0
2940,I,1
2942,D,0
2948,I,1
2950,W,0
2957,I,1
2960,D,0
2964,U,6
2973,I,1
2975,D,0
2979,I,0
2984,I,1
2986,D,0
2990,I,1
2993,D,0
2998,I,1
3000,D,0
3004,I,1
3006,D,0
3010,I,1
3012,D,0
3016,I,1
3018,D,0
3020,I,2
3023,D,0
3025,I,1
3027,D,0
3029,I,1
3031,D,0
3033,I,1
3035,D,0
3038,D,0
3040,I,1
3042,D,0
3044,I,1
3046,D,0
3048,I,1
3050,D,0
3054,I,1
3056,U,21
3084,I,1
3086,D,0
3088,I,1
3090,D,0
3092,I,1
3094,D,0
3096,I,1
3098,D,0
3102,I,1
3104,D,0
3106,I,1
3108,D,0
3110,I,1
3112,D,0
3114,I,2
3117,D,0
3121,D,0
3125,I,1
3127,U,13
3143,I,1
3145,D,0
3147,I,1
3149,D,0
3151,I,1
3153,D,0
3158,I,0
3163,I,2
3166,D,0
3168,I,1
3170,D,0
3172,I,1
3174,D,0
3177,D,0
3179,W,0
3188,I,1
3190,D,0
3194,I,1
3196,D,0
3198,W,0
3207,I,1
3210,D,0
3215,I,1
3217,D,0
3219,I,1
3221,D,0
3223,D,0
3228,I,2
3231,D,0
3233,I,1
3235,W,0
3242,I,1
3244,D,0
3248,D,0
3250,I,1
3252,D,0
3254,I,1
3256,D,0
3260,I,1
3262,D,0
3264,I,1
3266,D,0
3270,I,1
3272,D,0
3274,I,1
3276,D,0
3278,I,1
3280,D,0
3284,I,1
3286,D,0
3288,I,1
3290,D,0
3297,I,1
3299,D,0
3301,I,1
3303,D,0
3305,I,1
3307,D,0
3312,I,1
3314,D,0
3316,I,1
3318,D,0
3320,I,1
3322,D,0
3329,W,0
3335,I,1
3337,D,0
3343,I,2
3346,W,0
3356,W,0
3363,I,1
3366,D,0
3370,I,1
3373,U,9
3380,I,1
3382,D,0
3384,I,1
3386,D,0
3391,I,1
3393,D,0
3395,I,1
3397,D,0
3402,I,1
3404,D,0
3406,I,1
3408,D,0
3412,I,1
3414,D,0
3416,I,1
3419,D,0
3425,I,1
3427,D,0
3431,I,1
3433,D,0
3435,I,1
3437,D,0
3442,I,1
3444,D,0
3446,I,1
3448,D,0
3452,I,1
3454,W,0
3463,I,1
3466,D,0
3471,I,1
3473,D,0
3475,I,1
3477,D,0
3482,W,5
3489,I,1
3491,D,0
3495,I,1
3497,D,0
3501,I,1
3503,D,0
3507,I,1
3509,D,0
3513,I,1
3515,D,0
3519,I,2
3522,W,0
3530,D,0
3536,D,0
3538,I,2
3541,D,0
3543,I,1
3545,W,0
3552,I,1
3554,D,0
3556,I,1
3558,D,0
3564,D,0
3566,I,1
3568,D,0
3570,I,1
3572,D,0
3574,I,1
3577,D,0
3582,I,1
3584,D,0
3586,I,1
3588,D,0
3590,I,2
3592,D,0
3594,I,2
3597,D,0
3601,D,0
3605,W,0
3613,I,2
3616,D,0
3620,D,0
3627,I,1
3629,D,0
3631,I,1
3633,D,0
3635,I,1
3637,D,0
3639,I,1
3641,D,0
3645,I,2
3648,D,0
3650,I,1
3652,D,0
3654,I,1
3656,D,0
3658,I,1
3660,D,0
3664,W,0
3666,I,2
3669,D,0
3671,I,1
3673,D,0
3675,I,2
3678,D,0
3682,D,0
3685,W,0
3692,I,2
3695,D,0
3697,I,1
3700,D,0
3704,W,0
3724,I,1
3726,W,0
3728,I,1
3731,W,0
3739,W,10
3743,D,0
3748,I,1
3750,D,0
3754,I,1
3756,D,0
3760,I,1
3762,D,0
3766,I,1
3768,D,0
3772,I,1
3774,D,0
3778,I,1
3780,D,0
3784,I,1
3786,D,0
3790,I,1
3792,D,0
3796,I,1
3799,W,0
3808,I,1
3810,W,0
3812,I,1
3814,D,0
3816,D,0
3818,I,1
3820,D,0
3824,I,1
3826,U,12
3845,I,2
3848,W,0
3860,I,1
3862,W,6
3869,D,0
3874,I,1
3876,D,0
3880,I,1
3882,D,0
3886,I,1
3888,D,0
3892,I,1
3894,D,0
3898,I,0
3902,I,1
3905,W,0
3917,D,0
3919,I,1
3921,D,0
3923,I,1
3925,D,0
3930,I,1
3932,D,0
3934,I,1
3936,D,0
3938,I,2
3941,D,0
3945,D,0
3950,I,1
3952,D,0
3954,I,1
3956,D,0
3958,I,1
3960,D,0
3965,I,2
3968,W,0
3976,D,0
3978,I,1
3980,D,0
3982,I,2
3985,D,0
3989,D,0
3994,I,1
3997,W,0
4007,I,1
4009,W,1
4015,I,1
4017,D,0
4023,I,1
4026,D,0
4031,I,2
4034,D,1
4037,D,0
4039,I,1
4041,W,0
4050,D,0
4052,W,5
4056,I,1
4058,D,0
4062,I,0
4066,I,0
4070,I,1
4072,D,0
4076,I,1
4078,D,0
4087,I,2
4090,D,0
4094,D,0
4099,I,2
4102,D,0
4104,I,1
4106,D,0
4108,I,1
4110,D,0
4113,D,0
4115,I,1
4117,D,0
4119,I,1
4121,D,0
4125,I,1
4127,D,0
4129,I,1
4131,D,0
4133,I,1
4135,D,0
4140,I,2
4143,D,0
4145,I,1
4148,D,0
4150,I,1
4152,D,0
4156,D,0
4158,I,1
4161,D,0
4163,I,1
4165,D,0
4170,I,1
4172,W,1
4176,D,0
4178,I,0
4189,I,1
4191,W,1
4201,I,1
4203,D,0
4208,I,1
4210,D,0
4213,I,1
4216,U,4
4229,I,1
4231,D,0
4233,I,1
4235,D,0
4241,I,1
4243,D,0
4245,D,0
4250,I,1
4252,D,0
4254,D,0
4259,I,1
4261,D,0
4263,I,1
4265,D,0
4270,W,2
4277,W,5
4284,I,0
4288,I,1
4290,D,0
4294,I,1
4296,D,0
4300,I,1
4302,D,0
4306,I,1
4308,D,0
4312,W,0
4327,D,0
4329,I,1
4332,D,0
4337,I,1
4339,W,5
4347,I,0
4351,I,0
4355,I,1
4357,D,0
4361,I,1
4363,D,0
4367,I,1
4369,D,0
4373,W,0
4392,I,1
4394,W,0
4396,I,1
4399,D,0
4401,I,1
4403,D,0
4405,I,2
4408,D,0
4412,D,0
4419,I,1
4421,W,1
4426,D,0
4428,I,1
4430,D,0
4441,I,1
4443,W,2
4449,I,1
4451,D,0
4453,I,1
4456,D,0
4461,I,1
4463,D,0
4465,I,1
4467,D,0
4470,I,1
4472,W,5
4479,I,1
4481,D,0
4485,I,1
4487,D,0
4492,I,1
4494,D,0
4499,I,0
4504,I,1
4506,D,0
4511,I,1
4514,D,0
4519,I,1
4521,D,0
4523,I,1
4525,D,0
4527,I,1
4529,D,0
4531,I,1
4533,D,0
4537,I,1
4539,D,0
4541,I,1
4543,D,0
4545,I,1
4547,D,0
4549,I,1
4551,D,0
4555,I,1
4557,U,7
4574,I,1
4576,D,0
4578,I,1
4580,D,0
4582,I,1
4584,D,0
4589,I,2
4592,D,0
4594,I,1
4596,D,0
4598,I,1
4601,D,0
4605,D,0
4607,I,1
4609,D,0
4611,I,2
4614,D,0
4618,D,0
4623,I,2
4626,D,0
4630,D,0
4632,I,1
4634,D,0
4636,I,1
4639,D,0
4647,I,1
4649,W,0
4656,I,1
4658,W,1
4666,I,1
4668,D,0
4674,I,2
4677,D,0
4681,D,0
4686,I,2
4689,D,0
4691,I,1
4693,D,0
4695,I,1
4698,D,0
4702,D,0
4704,I,1
4706,D,0
4708,I,2
4711,D,0
4715,D,0
4719,I,1
4721,D,0
4723,I,1
4725,D,0
4727,I,1
4730,D,0
4735,I,0
4739,I,1
4742,U,7
4747,I,1
4749,D,0
4755,I,1
4757,D,0
4759,I,1
4761,D,0
4765,I,1
4767,D,0
4769,I,1
4772,D,0
4777,I,1
4779,D,0
4781,I,1
4783,D,0
4787,I,1
4789,D,0
4791,I,1
4793,D,0
4797,I,1
4799,D,0
4801,I,1
4804,D,0
4810,I,1
4812,D,0
4814,I,1
4816,D,0
4820,I,1
4822,W,3
4828,I,0
4832,I,1
4834,D,0
4839,I,1
4841,D,0
4845,I,1
4848,D,0
4853,I,1
4855,D,0
4857,I,1
4859,D,0
4861,I,0
4866,I,1
4868,D,0
4870,I,2
4873,D,0
4875,I,1
4877,D,0
4879,I,2
4882,D,0
4886,D,0
4889,W,1
4896,I,0
4910,I,1
4912,W,2
4919,I,1
4921,D,0
4926,I,0
4935,I,1
4937,D,0
4942,I,1
4944,U,6
4957,I,1
4959,D,0
4961,I,1
4963,D,0
4965,I,2
4968,D,0
4972,D,0
4976,I,1
4978,D,0
4980,I,1
4982,D,0
4984,I,1
4986,D,0
4991,I,1
4993,D,0
4995,I,1
4997,D,0
4999,I,1
5001,D,0
5006,I,1
5009,D,0
5011,I,1
5013,W,1
5020,I,1
5022,D,0
5027,I,2
5030,D,0
5034,D,0
5039,I,1
5041,W,0
5050,I,1
5052,D,0
5055,I,1
5058,W,0
5075,I,1
5077,D,0
5079,I,2
5082,D,0
5084,I,1
5086,D,0
5088,I,1
5090,D,0
5093,W,0
5100,I,1
5102,W,2
5111,I,1
5113,D,0
5118,I,1
5120,D,0
5124,I,1
5126,D,0
5132,I,1
5134,D,0
5136,I,2
5139,W,0
5146,I,1
5148,D,0
5150,I,1
5152,D,0
5156,W,0
5165,W,3
5176,I,2
5179,D,0
5182,D,0
5184,I,1
5186,D,0
5190,I,1
5192,D,0
5194,I,2
5197,D,0
5201,D,0
5208,I,1
5210,D,0
5212,I,1
5215,D,0
5221,I,2
5224,W,4
5229,I,1
5231,D,0
5235,I,1
5237,D,0
5242,I,0
5246,I,0
5252,W,3
5259,I,1
5262,D,0
5268,I,1
5270,D,0
5274,I,1
5276,D,0
5280,I,1
5283,D,0
5289,I,1
5291,U,10
5300,I,1
5302,D,0
5304,I,1
5306,D,0
5308,I,1
5310,D,0
5314,I,1
5316,D,0
5318,I,1
5320,D,0
5324,I,1
5327,D,0
5329,I,1
5332,W,0
5347,I,1
5349,D,0
5351,I,1
5353,D,0
5357,I,2
5360,I,1
5362,D,0
5364,I,1
5366,D,0
5371,D,0
5373,W,2
5382,I,1
5384,D,0
5388,I,1
5390,D,0
5395,I,1
5397,D,0
5402,I,1
5404,D,0
5408,I,1
5410,D,0
5412,I,1
5414,D,0
5418,I,1
5420,D,0
5422,I,1
5424,D,0
5426,I,1
5428,D,0
5432,I,2
5435,D,0
5437,D,0
5440,D,0
5442,I,1
5444,D,0
5446,I,1
5448,D,0
5452,I,1
5454,W,0
5462,I,1
5464,D,0
5466,I,1
5468,D,0
5471,I,1
5474,W,5
5482,I,0
5488,I,1
5490,D,0
5492,I,1
5494,D,0
5498,I,1
5500,D,0
5502,I,1
5504,D,0
5508,I,1
5510,D,0
5512,I,1
5514,D,0
5518,I,1
5520,D,0
5522,I,1
5524,D,0
5530,I,2
5533,D,0
5535,I,2
5538,D,0
5542,D,0
5546,W,0
5553,I,1
5556,D,0
5564,I,2
5568,U,8
5577,I,2
5580,D,0
5582,I,1
5584,D,0
5586,I,1
5588,D,0
5591,D,0
5593,I,1
5595,D,0
5599,I,1
5601,D,0
5603,I,1
5605,D,0
5607,I,1
5609,D,0
5614,I,2
5617,D,0
5619,D,0
5621,I,1
5623,D,0
5627,D,0
5629,D,0
5631,I,1
5633,D,0
5638,I,1
5640,D,0
5642,I,1
5644,D,0
5646,I,1
5648,D,0
5652,I,1
5654,D,0
5658,I,1
5661,D,0
5663,W,1
5672,I,0
5677,I,1
5679,D,0
5685,I,2
5688,W,0
5695,I,1
5697,D,0
5699,I,2
5702,D,0
5706,D,0
5709,D,0
5711,I,1
5713,D,0
5715,I,1
5718,D,0
5723,I,2
5726,W,0
5736,I,1
5738,D,0
5740,I,1
5743,D,0
5747,W,0
5754,I,1
5756,W,3
5764,I,1
5766,D,0
5770,I,1
5772,D,0
5776,I,1
5778,D,0
5783,I,1
5786,D,0
5791,I,1
5793,U,8
5802,I,1
5804,D,0
5806,I,1
5808,D,0
5813,I,1
5815,D,0
5817,I,1
5819,D,0
5823,I,1
5825,D,0
5827,I,1
5829,D,0
5833,I,1
5835,D,0
5837,I,2
5840,D,0
5844,D,0
5848,I,1
5850,D,0
5852,I,1
5854,D,0
5858,I,1
5860,D,0
5862,I,1
5864,D,0
5868,I,1
5870,D,0
5872,I,2
5875,D,0
5879,D,0
5883,I,1
5885,D,0
5890,I,1
5892,W,0
5900,W,0
5911,U,7
5922,I,1
5924,D,0
5926,I,1
5928,D,0
5930,I,1
5932,D,0
5937,I,1
5939,D,0
5941,I,1
5943,D,0
5947,I,1
5949,W,0
5956,I,1
5958,W,3
5968,I,1
5970,D,0
5974,I,1
5976,D,0
5981,D,0
5985,I,1
5987,D,0
5992,I,1
5994,W,0
6001,I,1
6003,D,0
6005,I,1
6007,D,0
6011,I,1
6013,W,3
6021,D,0
6025,D,0
6029,D,0
6032,W,0
6041,W,4
6049,D,0
6051,I,1
6053,D,0
6057,D,0
6059,I,1
6061,D,0
6065,D,0
6067,I,1
6070,D,0
6077,D,0
6079,W,2
6083,D,0
6087,I,1
6089,D,0
6093,W,0
6105,I,1
6107,D,0
6109,I,1
6111,D,0
6113,W,0
6122,I,1
6124,W,2
6132,I,1
6134,D,0
6136,I,1
6138,D,0
6142,I,1
6144,D,0
6146,I,1
6148,D,0
6154,I,1
6156,W,3
6163,I,0
6168,I,1
6170,D,0
6174,I,1
6176,D,0
6180,I,1
6182,D,0
6187,I,1
6189,U,9
6194,I,1
6196,D,0
6198,I,2
6201,D,0
6205,D,0
6210,I,1
6212,D,0
6214,I,1
6216,D,0
6222,I,1
6224,D,0
6226,D,0
6231,I,1
6233,D,0
6238,I,0
6242,I,1
6244,D,0
6246,I,1
6248,D,0
6253,I,1
6255,D,0
6257,I,1
6259,D,0
6263,I,1
6265,D,0
6269,I,1
6271,D,0
6273,I,1
6275,W,4
6282,I,1
6284,D,0
6288,I,1
6290,D,0
6295,I,1
6297,D,0
6301,I,1
6303,D,0
6308,I,2
6311,D,0
6314,D,0
6320,I,1
6322,D,0
6324,I,1
6326,U,15
6336,I,1
6338,D,0
6342,I,1
6344,D,0
6349,I,1
6351,D,0
6353,I,1
6355,D,0
6357,I,1
6359,D,0
6363,I,1
6365,D,0
6367,I,1
6369,D,0
6371,I,1
6374,D,0
6379,I,1
6381,W,0
6390,I,2
6393,D,0
6395,I,1
6397,D,0
6400,W,0
6407,I,2
6410,D,0
6414,D,0
6421,I,1
6423,D,0
6425,I,1
6427,D,0
6429,I,1
6432,D,0
6437,I,1
6439,D,0
6441,I,1
6443,D,0
6464,I,1
6466,D,0
6468,I,2
6471,D,0
6473,I,1
6475,D,0
6478,D,0
6483,I,1
6485,D,0
6487,I,1
6489,D,0
6493,I,1
6495,D,0
6497,I,1
6499,D,0
6503,I,1
6505,D,0
6507,W,0
6517,I,1
6519,D,0
6523,I,1
6525,W,0
6532,I,1
6534,W,0
6545,I,1
6548,D,0
6553,I,1
6555,D,0
6557,I,1
6559,D,0
6561,I,1
6563,D,0
6567,I,1
6569,D,0
6571,I,1
6573,W,0
6582,I,1
6585,D,0
6590,I,1
6592,D,0
6596,I,2
6599,W,1
6603,I,1
6605,D,0
6607,I,1
6609,D,0
6612,W,3
6620,I,1
6622,D,0
6624,I,1
6626,D,0
6630,I,1
6632,D,0
6636,I,1
6638,D,0
6640,I,1
6643,D,0
6649,W,0
6656,I,2
6658,W,3
6665,D,0
6670,D,0
6674,I,1
6676,D,0
6680,I,2
6682,W,0
6690,D,0
6695,D,0
6697,D,0
6704,I,1
6706,U,17
6719,I,2
6722,D,0
6724,D,0
6726,I,1
6728,D,0
6730,I,1
6732,D,0
6735,D,0
6737,I,1
6739,D,0
6741,I,1
6743,D,0
6748,I,1
6750,D,0
6752,I,1
6754,D,0
6756,I,1
6758,D,0
6760,I,2
6763,D,0
6767,D,0
6771,I,1
6773,D,0
6775,I,1
6777,D,0
6779,I,1
6781,D,0
6783,I,1
6786,D,0
6791,I,1
6793,U,1
6812,I,1
6814,D,0
6816,I,1
6818,D,0
6820,I,1
6822,D,0
6833,I,1
6836,U,3
6846,D,0
6848,I,1
6850,D,0
6856,I,0
6860,I,0
6865,I,1
6867,W,5
6874,I,1
6876,D,0
6880,I,1
6882,D,0
6886,I,1
6888,D,0
6892,I,1
6894,D,0
6898,I,1
6900,D,0
6907,I,1
6910,D,0
6918,I,1
6920,W,0
6933,I,1
6935,W,0
6944,I,1
6946,D,0
6948,I,2
6951,D,0
6955,D,0
6960,I,1
6962,U,2
6984,W,0
6991,I,1
6993,D,0
6995,I,2
6998,D,0
7002,D,0
7006,W,2
7018,I,0
7022,I,1
7024,D,0
7026,D,0
7029,I,2
7032,D,0
7034,I,1
7036,D,0
7039,W,0
7048,I,2
7051,D,0
7055,D,0
7060,I,1
7063,U,9
7069,I,1
7071,D,0
7073,I,1
7075,D,0
7080,I,0
7086,I,1
7088,D,0
7090,I,2
7093,D,0
7097,D,0
7103,I,1
7105,D,0
7107,I,1
7109,D,0
7114,I,0
7118,I,1
7120,D,0
7122,D,0
7127,I,1
7129,D,0
7133,I,1
7135,D,0
7137,I,1
7140,D,0
7146,I,2
7149,D,0
7151,I,1
7153,D,0
7156,D,0
7158,D,0
7163,W,8
7172,D,0
7176,I,1
7178,D,0
7182,I,1
7184,D,0
7189,I,1
7191,D,0
7195,I,1
7198,D,0
7203,I,1
7205,D,0
7209,I,1
7211,D,0
7215,I,1
7217,D,0
7222,I,1
7225,D,0
7230,I,1
7232,D,0
7234,I,2
7237,D,0
7239,I,1
7241,D,0
7243,I,1
7245,D,0
7248,D,0
7250,I,1
7252,D,0
7254,I,2
7257,D,0
7260,D,0
7264,I,1
7266,D,0
7268,I,1
7270,D,0
7272,I,1
7274,D,0
7276,I,1
7279,D,0
7284,I,1
7286,U,9
7298,I,1
7300,D,0
7302,I,1
7304,D,0
7306,I,1
7308,D,0
7312,I,0
7316,I,0
7320,I,1
7322,D,0
7324,I,1
7326,D,0
7328,I,1
7331,D,0
7340,D,0
7345,I,1
7347,D,0
7349,I,1
7351,D,0
7353,I,1
7355,D,0
7359,D,0
7361,I,1
7363,D,0
7365,I,1
7367,D,0
7371,I,1
7373,D,0
7375,I,1
7377,W,0
7386,I,2
7389,D,0
7393,D,0
7399,W,6
7410,I,1
7412,D,0
7414,I,1
7416,D,0
7421,I,1
7423,D,0
7427,I,1
7429,D,0
7433,I,1
7435,D,0
7437,I,1
7439,D,0
7443,I,1
7445,D,0
7447,I,1
7449,D,0
7454,I,1
7456,D,0
7458,I,1
7460,D,0
7462,I,1
7464,W,1
7472,I,1
7474,D,0
7480,I,1
7482,D,0
7485,I,1
7488,U,10
7498,I,1
7500,D,0
7502,I,0
7507,I,1
7509,D,0
7511,I,2
7514,D,0
7518,D,0
7522,I,1
7524,D,0
7526,I,1
7528,D,0
7533,I,1
7535,D,0
7537,I,1
7539,D,0
7543,I,0
7547,I,0
7551,I,1
7553,D,0
7555,I,2
7558,D,0
7562,D,0
7566,I,1
7568,D,0
7570,I,1
7573,D,0
7578,I,1
7580,D,0
7582,W,0
7592,I,1
7594,D,0
7596,I,1
7599,D,0
7603,W,4
7612,I,1
7614,D,0
7618,I,1
7620,D,0
7624,I,1
7626,D,0
7631,I,1
7633,D,0
7640,I,2
7643,W,0
7652,D,0
7658,I,1
7660,D,0
7662,I,1
7664,D,0
7666,I,1
7668,D,0
7670,I,2
7673,D,0
7677,D,0
7681,I,1
7683,U,7
7692,D,0
7694,I,1
7696,D,0
7698,I,1
7700,D,0
7707,I,1
7709,D,0
7711,I,2
7714,D,0
7716,I,1
7718,D,0
7721,D,0
7723,I,1
7725,D,0
7729,I,1
7731,D,0
7733,I,1
7735,D,0
7737,I,2
7740,D,0
7744,D,0
7748,I,1
7750,D,0
7754,I,1
7756,D,0
7758,I,1
7760,D,0
7762,I,1
7764,D,0
7768,I,1
7770,D,0
7772,I,1
7774,D,0
7776,I,1
7778,D,0
7782,I,1
7784,D,0
7786,I,1
7788,D,0
7790,I,1
7792,D,0
7797,I,2
7800,D,0
7802,I,1
7804,W,0
7812,I,2
7815,D,0
7819,D,0
7823,W,0
7829,I,2
7832,W,0
7845,I,1
7848,D,0
7852,W,0
7862,I,1
7865,D,0
7870,I,2
7873,D,0
7875,I,1
7877,D,0
7879,I,1
7881,D,0
7883,I,1
7885,D,0
7888,D,0
7890,I,1
7892,D,0
7894,I,2
7897,D,0
7899,I,1
7901,D,0
7904,D,0
7906,I,1
7909,D,0
7914,I,1
7916,D,0
7918,I,1
7920,D,0
7922,I,1
7924,D,0
7926,I,2
7929,D,0
7933,D,0
7937,I,2
7940,D,0
7942,I,1
7944,D,0
7947,U,3
7960,I,1
7962,D,0
7964,I,1
7966,D,0
7968,I,1
7970,D,0
7974,I,0
7984,I,1
7986,W,0
7993,I,2
7996,D,0
7998,I,1
8000,D,0
8003,W,0
8012,I,2
8015,D,0
8019,D,0
8022,I,1
8025,U,6
8029,I,1
8031,I,1
8033,D,0
8045,I,1
8047,D,0
8049,I,1
8051,D,0
8057,I,1
8059,D,0
8061,I,1
8064,D,0
8070,I,1
8072,D,0
8074,I,1
8076,D,0
8080,I,1
8082,D,0
8086,D,0
8090,I,1
8092,W,2
8098,W,0
8104,I,1
8106,D,0
8112,I,1
8115,D,0
8122,I,2
8125,D,0
8127,I,1
8129,D,0
8131,I,1
8133,D,0
8135,I,1
8137,D,0
8140,W,0
8147,I,1
8150,U,10
8158,D,0
8160,I,1
8162,D,0
8167,I,1
8170,D,0
8176,I,1
8178,D,0
8180,D,0
8184,I,1
8186,D,0
8188,I,1
8190,D,0
8195,I,1
8197,D,0
8199,I,1
8201,D,0
8206,I,1
8208,D,0
8210,I,1
8212,D,0
8216,I,1
8218,D,0
8220,I,1
8222,D,0
8226,I,1
8228,D,0
8230,I,1
8232,D,0
8236,I,1
8238,D,0
8240,D,0
8244,I,1
8246,D,0
8248,I,1
8250,D,0
8253,U,6
8262,I,0
8267,I,0
8271,I,1
8273,D,0
8278,I,1
8280,D,0
8284,I,1
8286,D,0
8291,I,1
8293,D,0
8299,I,1
8302,D,0
8308,I,2
8311,W,0
8313,I,1
8315,D,0
8317,I,2
8319,D,0
8321,I,1
8324,D,0
8329,D,0
8331,D,0
8334,W,0
8336,I,1
8338,D,0
8340,I,1
8342,W,0
8351,I,1
8354,D,0
8360,I,1
8362,U,7
8366,D,0
8368,D,0
8379,I,2
8382,D,0
8384,I,2
8386,D,0
8388,I,2
8391,D,0
8395,D,0
8399,D,0
8401,D,0
8404,D,0
8406,I,1
8408,W,0
8418,I,1
8420,D,0
8425,I,1
8427,D,0
8429,I,1
8431,D,0
8433,I,1
8435,D,0
8439,I,1
8441,D,0
8443,I,1
8445,D,0
8447,I,1
8449,D,0
8453,I,2
8456,D,0
8459,D,0
8461,I,2
8463,D,0
8465,I,1
8468,D,0
8473,D,0
8475,I,1
8477,D,0
8482,I,1
8484,D,0
8486,I,1
8488,W,2
8495,I,1
8497,D,0
8502,I,1
8504,D,0
8510,I,2
8513,D,0
8517,D,0
8522,I,1
8524,D,0
8526,I,1
8528,D,0
8530,D,0
8533,I,1
8536,W,5
8548,I,1
8550,D,0
8552,D,0
8557,I,2
8559,D,0
8561,I,1
8563,D,0
8567,D,0
8569,D,0
8576,I,2
8578,D,0
8580,I,2
8583,D,0
8587,D,0
8592,D,0
8594,D,0
8598,I,1
8600,D,0
8604,I,1
8606,D,0
8608,I,1
8610,D,0
8613,W,7
8621,I,1
8623,D,0
8628,I,1
8630,D,0
8634,I,1
8636,D,0
8640,I,1
8642,D,0
8646,I,1
8648,D,0
8652,I,1
8654,D,0
8658,I,1
8660,D,0
8665,I,1
8668,W,0
8678,I,2
8682,U,8
8692,I,1
8694,D,0
8696,I,1
8698,D,0
8700,I,1
8702,D,0
8707,I,1
8709,D,0
8711,I,1
8713,D,0
8715,I,1
8717,D,0
8722,I,1
8724,W,0
8731,I,2
8734,D,0
8736,I,1
8738,D,0
8741,D,0
8743,I,1
8746,D,0
8751,I,1
8753,I,1
8755,D,0
8759,I,1
8761,D,0
8763,I,1
8765,D,0
8769,I,1
8771,D,0
8773,I,1
8775,D,0
8777,I,1
8779,D,0
8785,I,1
8787,D,0
8789,I,1
8791,W,0
8800,I,2
8803,D,0
8806,D,0
8811,I,2
8814,D,0
8816,I,1
8818,D,0
8820,I,1
8822,D,0
8825,D,0
8827,I,1
8829,D,0
8831,I,2
8834,D,0
8838,D,0
8843,W,5
8854,I,1
8856,D,0
8858,I,1
8860,D,0
8862,I,1
8864,D,0
8868,I,2
8871,D,0
8873,I,1
8875,D,0
8877,D,0
8881,D,0
8883,I,1
8885,D,0
8887,I,1
8889,D,0
8893,I,1
8895,D,0
8897,I,2
8900,D,0
8902,I,1
8904,D,0
8907,D,0
8909,I,1
8912,D,0
8917,I,1
8919,W,0
8924,I,1
8926,D,0
8928,I,1
8930,D,0
8934,W,4
8945,I,1
8947,D,0
8951,I,1
8953,D,0
8955,D,0
8961,I,1
8963,D,0
8965,D,0
8969,I,1
8971,D,0
8973,I,1
8975,D,0
8979,I,1
8981,W,4
8990,I,0
8994,I,1
8996,D,0
9000,I,1
9002,D,0
9006,I,1
9008,D,0
9012,I,2
9015,D,0
9019,D,0
9022,I,1
9025,W,7
9034,I,1
9036,D,0
9038,D,0
9046,I,1
9048,D,0
9050,D,0
9054,I,1
9056,D,0
9058,I,1
9060,D,0
9064,I,1
9066,D,0
9068,I,1
9070,D,0
9074,I,1
9076,D,0
9078,I,1
9080,D,0
9084,I,1
9086,D,0
9088,I,1
9090,D,0
9094,I,1
9096,D,0
9098,I,1
9100,D,0
9104,I,1
9106,D,0
9108,I,2
9111,D,0
9115,D,0
9123,U,12
9128,D,0
9130,D,0
9135,W,0
9142,I,1
9144,D,0
9146,I,2
9149,D,0
9153,D,0
9163,I,1
9165,D,0
9167,I,1
9169,D,0
9171,D,0
9175,I,1
9177,D,0
9179,I,2
9182,D,0
9184,I,1
9186,D,0
9189,D,0
9191,I,1
9194,D,0
9199,I,1
9201,D,0
9203,I,1
9205,D,0
9207,I,1
9209,D,0
9213,I,1
9215,D,0
9217,I,2
9219,D,0
9221,I,1
9223,D,0
9227,D,0
9229,I,1
9231,D,0
9235,I,2
9238,D,0
9240,I,1
9242,D,0
9244,I,1
9246,D,0
9250,D,0
9252,I,1
9254,D,0
9256,I,2
9259,D,0
9263,D,0
9267,I,2
9270,D,0
9272,I,1
9274,D,0
9276,I,2
9279,D,0
9283,D,0
9286,D,0
9288,I,1
9290,D,0
9294,I,1
9296,D,0
9298,I,1
9300,D,0
9302,I,2
9305,D,0
9309,D,0
9315,I,1
9318,D,0
9320,W,4
9328,I,1
9330,D,0
9334,I,1
9336,D,0
9340,I,1
9342,D,0
9346,I,1
9348,D,0
9353,I,2
9356,D,0
9360,D,0
9366,I,0
9370,I,0
9375,U,4
9386,W,3
9397,I,1
9399,D,0
9401,D,0
9405,I,1
9407,D,0
9409,D,0
9414,I,1
9416,D,0
9418,I,1
9421,D,0
9425,I,1
9427,W,0
9437,I,1
9440,W,0
9450,I,1
9452,D,0
9456,W,0
9466,W,4
9479,I,1
9481,D,0
9483,D,0
9488,I,2
9490,D,0
9492,I,1
9494,D,0
9498,D,0
9500,I,1
9502,D,0
9506,I,1
9508,D,0
9510,D,0
9515,I,1
9517,D,0
9519,I,1
9521,D,0
9524,I,1
9526,W,3
9535,I,1
9537,D,0
9541,I,1
9543,D,0
9547,I,1
9549,D,0
9554,I,1
9557,W,0
9564,I,1
9566,U,7
9577,I,1
9579,D,0
9581,D,0
9587,I,1
9589,D,0
9591,D,0
9596,I,1
9598,D,0
9600,D,0
9604,I,1
9606,D,0
9608,I,1
9611,D,0
9616,I,1
9618,D,0
9620,I,1
9622,D,0
9627,I,1
9629,D,0
9631,I,1
9633,D,0
9637,I,1
9639,D,0
9644,I,2
9647,W,2
9654,D,0
9658,D,0
9664,I,2
9667,D,0
9671,D,0
9675,W,2
9684,D,0
9688,I,1
9690,D,0
9694,I,1
9696,D,0
9701,D,0
9703,I,1
9705,D,0
9707,I,1
9709,D,0
9711,I,1
9713,D,0
9717,I,1
9719,U,20
9746,I,1
9748,D,0
9750,I,2
9753,D,0
9755,I,2
9758,D,0
9762,D,0
9766,D,0
9768,I,1
9770,D,0
9772,I,1
9775,D,0
9780,I,1
9782,W,0
9784,I,1
9786,D,0
9788,I,1
9790,W,3
9798,I,1
9800,D,0
9804,D,0
9808,I,1
9810,D,0
9815,I,1
9817,D,0
9821,I,1
9823,W,0
9825,I,2
9828,D,0
9830,I,1
9832,D,0
9834,I,2
9837,D,0
9841,D,0
9844,D,0
9848,I,1
9850,U,6
9868,I,1
9870,D,0
9872,I,1
9874,D,0
9876,I,1
9878,D,0
9883,I,1
9885,D,0
9887,I,1
9889,D,0
9891,I,1
9893,D,0
9897,I,2
9900,D,0
9902,I,1
9904,D,0
9906,I,1
9908,D,0
9911,D,0
9913,I,1
9915,D,0
9917,I,1
9920,D,0
9925,I,2
9928,D,0
9930,I,1
9932,D,0
9934,I,1
9936,D,0
9939,D,0
9941,I,1
9943,D,0
9945,I,1
9947,D,0
9951,I,1
9953,D,0
9955,I,2
9957,D,0
9959,I,1
9961,D,0
9965,D,0
9967,I,1
9969,D,0
9975,I,2
9978,W,0
9987,I,2
9990,W,0
9999,I,1
10001,D,0
10004,W,0
10013,I,2
10016,D,0
10020,D,0
10024,W,0
10035,I,1
10037,D,0
10039,I,2
10042,D,0
10044,I,1
10046,D,0
10048,I,1
10051,D,0
10055,D,0
10057,I,1
10059,W,0
10068,I,1
10071,D,0
10077,I,2
10080,D,0
10082,I,1
10084,D,0
10086,I,1
10088,D,0
10090,I,2
10093,D,0
10097,D,0
10101,W,0
10120,I,2
10123,W,5
10136,I,1
10138,D,0
10140,D,0
10145,I,0
10149,I,1
10151,D,0
10153,I,1
10156,D,0
10161,I,0
10166,I,1
10168,D,0
10170,I,1
10172,D,0
10177,I,2
10180,W,0
10187,I,1
10190,D,0
10195,W,0
10202,I,2
10205,D,0
10209,D,0
10216,D,0
10224,I,2
10227,W,0
10236,I,2
10239,D,0
10243,D,0
10247,W,1
10257,I,0
10265,I,1
10268,D,0
10273,I,1
10275,D,0
10277,I,1
10279,D,0
10281,I,1
10283,D,0
10288,I,2
10291,D,0
10293,I,1
10295,D,0
10297,I,1
10299,D,0
10301,I,1
10303,D,0
10306,D,0
10308,I,1
10310,D,0
10312,I,1
10314,D,0
10316,I,1
10318,D,0
10322,I,1
10324,D,0
10326,I,1
10328,W,0
10337,I,1
10339,D,0
10341,I,1
10344,D,0
10349,I,1
10351,U,13
10363,I,0
10367,I,1
10369,D,0
10371,I,1
10373,D,0
10375,I,1
10378,D,0
10383,I,1
10385,D,0
10387,I,1
10389,D,0
10393,I,1
10395,D,0
10399,I,1
10401,W,0
10410,I,2
10413,D,0
10415,I,2
10417,D,0
10419,I,1
10422,D,0
10427,D,0
10429,I,1
10431,D,0
10435,D,0
10437,I,1
10439,D,0
10447,I,1
10449,D,0
10451,I,1
10453,D,0
10455,I,1
10457,D,0
10461,I,1
10463,D,0
10467,I,2
10470,D,0
10472,I,1
10474,D,0
10476,I,1
10479,D,0
10483,D,0
10487,I,1
10489,D,0
10491,I,1
10493,D,0
10495,I,1
10497,D,0
10501,I,1
10503,D,0
10505,I,1
10507,D,0
10509,I,2
10512,D,0
10516,D,0
10520,I,1
10522,D,0
10524,I,1
10526,D,0
10528,I,1
10531,D,0
10536,I,1
10538,D,0
10540,I,1
10542,D,0
10544,I,2
10547,D,0
10551,D,0
10553,W,2
10565,D,0
10570,I,1
10572,D,0
10574,I,1
10576,D,0
10578,I,2
10581,W,7
10588,D,0
10594,I,1
10596,D,0
10600,I,0
10604,I,1
10606,D,0
10608,I,1
10610,D,0
10615,I,1
10617,D,0
10619,I,2
10622,D,0
10626,D,0
10630,I,1
10632,W,0
10639,I,1
10642,D,0
10649,D,0
10651,I,1
10653,D,0
10655,I,1
10657,W,3
10664,I,1
10666,D,0
10670,I,1
10672,D,0
10676,I,1
10678,D,0
10682,I,1
10685,D,0
10690,W,8
10695,D,0
10697,I,1
10699,D,0
10707,I,1
10709,D,0
10711,I,1
10713,D,0
10717,I,1
10719,D,0
10721,I,1
10723,D,0
10728,I,1
10730,D,0
10732,I,1
10734,D,0
10739,I,1
10741,D,0
10743,I,1
10745,D,0
10749,I,1
10751,D,0
10753,I,1
10755,D,0
10759,I,0
10763,I,1
10765,D,0
10767,I,1
10769,D,0
10774,I,2
10777,D,0
10779,I,1
10782,D,0
10786,W,1
10794,I,1
10796,D,0
10800,I,1
10803,D,0
10812,I,1
10814,D,0
10816,I,1
10818,D,0
10820,I,1
10822,D,0
10824,I,1
10826,D,0
10830,I,1
10832,D,0
10834,I,2
10837,D,0
10839,I,1
10841,D,0
10843,I,1
10845,D,0
10848,D,0
10850,I,1
10852,D,0
10854,I,1
10856,D,0
10861,I,1
10863,D,0
10865,I,2
10868,D,0
10870,I,1
10872,D,0
10875,D,0
10877,I,1
10879,D,0
10881,I,1
10883,D,0
10887,I,1
10889,D,0
10891,I,2
10894,D,0
10896,I,1
10898,D,0
10900,I,1
10902,D,0
10905,D,0
10907,I,1
10909,D,0
10911,I,2
10914,D,0
10918,D,0
10923,W,0
10939,I,2
10942,U,7
10952,I,1
10954,D,0
10956,I,1
10958,D,0
10963,I,1
10965,D,0
10967,I,1
10969,D,0
10974,I,1
10976,D,0
10978,I,1
10981,D,0
10987,I,1
10989,D,0
10993,I,1
10995,D,0
10997,I,1
10999,D,0
11004,I,1
11006,D,0
11008,I,1
11010,D,0
11014,I,1
11016,D,0
11018,I,1
11021,D,0
11027,I,2
11030,D,0
11033,W,0
11044,I,1
11046,D,0
11050,U,8
11055,D,0
11067,I,1
11069,D,0
11073,I,1
11075,D,0
11077,D,0
11081,I,1
11083,D,0
11085,I,1
11087,D,0
11091,I,1
11093,D,0
11095,I,1
11097,D,0
11102,I,1
11104,D,0
11106,D,0
11111,I,1
11113,D,0
11115,I,1
11117,D,0
11122,I,1
11124,D,0
11126,I,1
11129,D,0
11136,I,1
11138,W,0
11145,I,2
11148,D,0
11152,D,0
11157,I,1
11159,D,0
11163,I,2
11166,W,0
11177,I,1
11180,W,3
11192,I,1
11194,D,0
11196,I,1
11199,D,0
11204,I,1
11206,D,0
11210,I,0
11215,I,2
11217,W,0
11226,I,1
11229,D,0
11234,D,0
11236,I,1
11238,D,0
11242,D,0
11244,I,2
11247,D,0
11249,I,1
11251,D,0
11253,D,0
11257,D,0
11259,I,1
11262,D,0
11268,I,1
11270,D,0
11272,I,1
11274,D,0
11276,I,1
11278,D,0
11280,D,0
11285,I,1
11287,D,0
11289,I,1
11291,W,0
11298,I,1
11300,D,0
11302,I,1
11304,D,0
11308,I,1
11310,U,2
11329,I,1
11331,D,0
11333,I,1
11335,D,0
11337,I,1
11339,D,0
11344,I,0
11350,I,1
11353,U,10
11363,I,1
11365,D,0
11367,I,1
11369,D,0
11373,I,1
11375,D,0
11377,I,1
11379,D,0
11383,I,1
11385,D,0
11387,I,1
11389,D,0
11394,I,1
11396,D,0
11398,I,1
11401,D,0
11406,I,1
11408,D,0
11410,I,1
11412,D,0
11416,I,1
11418,D,0
11420,I,1
11422,D,0
11426,I,1
11428,D,0
11433,I,1
11435,D,0
11437,I,1
11439,D,0
11443,I,1
11445,D,0
11447,I,1
11449,D,0
11453,I,1
11455,D,0
11457,I,1
11460,D,0
11464,I,1
11466,W,2
11476,I,1
11478,D,0
11482,I,1
11484,D,0
11489,I,1
11492,D,0
11502,I,1
11504,U,14
11514,I,1
11516,D,0
11518,I,1
11520,D,0
11522,D,0
11527,I,1
11529,D,0
11531,I,1
11533,W,1
11540,I,1
11542,D,0
11550,I,2
11553,D,0
11557,D,0
11563,I,1
11565,D,0
11567,D,0
11571,I,1
11573,D,0
11575,I,1
11577,D,0
11579,I,1
11581,D,0
11585,I,1
11587,D,0
11589,I,1
11591,D,0
11593,I,1
11596,D,0
11601,I,1
11603,D,0
11605,I,1
11607,D,0
11609,I,1
11611,D,0
11615,I,1
11618,D,0
11620,I,1
11622,D,0
11624,I,1
11627,D,0
11633,I,1
11635,D,0
11639,I,1
11641,D,0
11643,I,1
11645,D,0
11647,I,2
11650,D,0
11654,D,0
11659,I,1
11661,D,0
11663,I,1
11665,D,0
11667,I,1
11669,D,0
11673,I,1
11675,D,0
11677,I,1
11679,D,0
11681,I,1
11684,D,0
11689,I,1
11691,D,0
11693,I,1
11695,D,0
11697,D,0
11702,I,1
11704,D,0
11706,I,1
11708,W,4
11717,I,0
11721,I,0
11725,I,1
11727,D,0
11731,I,0
11737,W,0
11748,I,1
11750,D,0
11752,I,2
11755,D,0
11758,W,0
11767,I,2
11770,D,0
11773,D,0
11777,W,2
11787,I,0
11791,I,1
11793,D,0
11795,I,1
11797,D,0
11799,I,1
11801,D,0
11807,I,1
11809,U,8
11815,I,1
11817,D,0
11819,I,1
11821,D,0
11829,I,1
11831,D,0
11833,I,1
11835,D,0
11839,I,1
11841,D,0
11843,I,1
11845,D,0
11850,I,1
11852,D,0
11856,I,1
11858,D,0
11860,I,1
11862,D,0
11866,I,1
11868,D,0
11870,I,1
11872,D,0
11878,I,1
11880,D,0
11882,I,1
11884,D,0
11888,W,0
11907,I,1
11910,D,0
11916,I,2
11919,W,0
11928,W,0
11936,W,0
11945,I,1
11947,D,0
11956,I,2
11959,D,0
11961,I,1
11963,D,0
11965,I,2
11968,D,0
11970,I,1
11972,D,0
11974,D,0
11977,D,0
11979,I,1
11981,D,0
11983,I,1
11985,D,0
11988,U,22
12002,I,1
12004,D,0
12006,I,1
12008,D,0
12010,I,1
12012,D,0
12014,I,1
12016,D,0
12020,D,0
12022,I,1
12024,D,0
12029,I,1
12031,U,4
12045,I,1
12047,D,0
12049,I,1
12051,D,0
12053,I,1
12055,D,0
12060,I,1
12062,D,0
12064,I,2
12066,D,0
12068,I,2
12071,D,0
12074,D,0
12078,D,0
12082,I,1
12084,D,0
12086,I,1
12088,W,0
12095,I,2
12098,D,0
12102,D,0
12107,I,2
12110,D,0
12113,D,0
12115,I,1
12117,D,0
12119,I,2
12122,D,0
12125,D,0
12134,I,1
12137,W,10
12143,I,0
12148,I,1
12150,D,0
12152,D,0
12158,I,1
12160,D,0
12162,D,0
12167,D,0
12171,I,1
12173,D,0
12178,I,1
12180,D,0
12182,D,0
12187,I,1
12189,D,0
12191,D,0
12195,I,1
12197,D,0
12199,I,1
12202,D,0
12208,I,1
12210,D,0
12212,I,2
12215,D,0
12219,D,0
12224,I,1
12226,D,0
12231,I,1
12233,D,0
12235,W,0
12245,I,1
12247,U,7
12273,I,1
12275,I,0
12279,I,1
12281,D,0
12285,I,1
12287,D,0
12289,I,1
12291,D,0
12293,I,1
12296,D,0
12301,I,1
12303,D,0
12305,I,1
12307,D,0
12309,D,0
12314,I,1
12316,W,0
12323,I,1
12325,D,0
12327,I,1
12329,D,0
12334,I,1
12336,D,0
12338,I,1
12340,D,0
12342,I,2
12345,D,0
12349,D,0
12354,I,1
12356,D,0
12358,D,0
12360,I,1
12363,U,7
12372,I,1
12374,D,0
12376,D,0
12381,I,1
12383,D,0
12385,I,1
12387,D,0
12391,I,1
12393,D,0
12397,I,1
12399,D,0
12401,I,1
12403,D,0
12407,I,0
12411,I,1
12413,D,0
12415,I,2
12418,D,0
12422,D,0
12426,I,0
12433,I,1
12435,W,0
12444,I,2
12447,D,0
12451,D,0
12458,I,1
12460,W,0
12471,I,2
12474,W,0
12481,I,1
12483,W,0
12490,I,1
12492,D,0
12495,W,0
12502,I,1
12504,W,0
12511,I,1
12513,D,0
12518,I,1
12520,U,10
12537,I,1
12539,D,0
12541,I,1
12543,W,0
12552,I,2
12555,D,0
12559,D,0
12570,I,1
12572,D,0
12574,I,1
12576,D,0
12578,D,0
12583,I,2
12586,D,0
12588,I,1
12590,D,0
12592,I,1
12594,D,0
12597,D,0
12599,I,1
12601,D,0
12603,I,1
12605,D,0
12611,I,1
12613,D,0
12615,I,1
12617,D,0
12619,I,1
12621,D,0
12628,I,0
12632,I,1
12634,D,0
12636,I,1
12638,D,0
12640,I,1
12642,D,0
12647,I,1
12649,D,0
12651,I,1
12653,D,0
12655,I,1
12657,D,0
12662,I,1
12664,D,0
12666,I,1
12668,D,0
12670,I,1
12673,D,0
12679,I,1
12681,D,0
12683,I,1
12685,D,0
12687,I,2
12690,D,0
12694,D,0
12700,I,1
12702,W,0
12709,I,1
12711,D,0
12713,I,1
12716,W,3
12736,I,1
12738,D,0
12740,D,0
12744,I,1
12746,D,0
12748,I,1
12750,D,0
12754,I,1
12756,D,0
12758,W,0
12768,I,2
12771,W,3
12775,D,0
12780,I,0
12784,I,1
12786,D,0
12790,I,1
12793,D,0
12797,W,0
12806,I,1
12809,D,0
12815,I,1
12817,D,0
12819,I,1
12821,D,0
12823,I,1
12825,D,0
12830,I,1
12832,D,0
12834,I,1
12836,D,0
12838,I,1
12840,D,0
12842,I,1
12844,D,0
12849,I,1
12851,D,0
12853,I,1
12855,D,0
12857,I,1
12859,D,0
12861,I,1
12864,D,0
12870,I,1
12872,D,0
12874,I,2
12877,D,0
12879,I,1
12881,D,0
12883,I,1
12886,D,0
12892,D,0
12894,W,0
12901,I,1
12903,D,0
12908,I,1
12910,D,0
12912,W,0
12914,I,1
12916,D,0
12918,I,1
12920,D,0
12922,I,2
12925,D,0
12929,D,0
12934,I,1
12936,D,0
12938,I,2
12941,D,0
12943,I,1
12945,D,0
12948,W,1
12951,I,1
12954,D,0
12957,I,1
12959,D,0
12961,I,1
12964,D,0
12970,I,1
12972,D,0
12974,I,1
12976,D,0
12978,I,2
12980,D,0
12982,D,0
12986,D,0
12988,D,0
12992,I,1
12994,D,0
12996,I,1
12998,D,0
13000,I,1
13002,D,0
13004,I,1
13006,D,0
13010,I,1
13012,D,0
13014,I,1
13016,D,0
13018,I,1
13020,D,0
13022,D,0
13026,I,1
13028,W,0
13030,I,1
13032,W,0
13039,I,1
13041,W,2
13048,I,1
13050,D,0
13055,I,1
13057,D,0
13060,I,1
13063,W,0
13072,I,1
13074,D,0
13076,I,1
13078,D,0
13080,I,1
13082,I,1
13084,D,0
13088,I,1
13090,D,0
13092,I,1
13095,D,0
13097,I,1
13099,W,0
13106,I,1
13108,D,0
13113,I,1
13115,D,0
13117,I,2
13120,D,0
13122,I,1
13124,D,0
13126,I,1
13128,D,0
13131,D,0
13133,I,1
13135,D,0
13137,I,2
13140,D,0
13144,D,0
13151,I,1
13153,D,0
13155,I,2
13158,D,0
13160,I,1
13162,D,0
13164,I,1
13166,D,0
13169,D,0
13171,I,1
13173,D,0
13175,I,1
13177,D,0
13181,I,1
13183,W,0
13185,I,1
13187,D,0
13189,I,2
13192,D,0
13194,I,1
13196,D,0
13199,D,0
13201,I,2
13204,D,0
13208,D,0
13213,I,1
13215,W,0
13217,I,1
13219,D,0
13221,I,1
13223,W,4
13231,I,0
13235,I,1
13237,D,0
13241,I,1
13243,D,0
13247,I,1
13249,D,0
13254,I,1
13257,D,0
13265,I,2
13276,U,12
13282,I,1
13284,D,0
13286,I,1
13288,D,0
13290,I,1
13292,D,0
13299,I,1
13301,D,0
13303,I,1
13305,D,0
13307,I,1
13309,D,0
13315,I,2
13318,D,0
13321,D,0
13323,I,1
13325,D,0
13327,I,1
13329,D,0
13334,I,1
13336,D,0
13340,I,1
13342,D,0
13344,I,1
13346,D,0
13348,I,1
13351,D,0
13356,I,2
13359,D,0
13361,D,0
13364,D,0
13366,I,1
13368,D,0
13370,I,1
13372,D,0
13377,I,1
13379,D,0
13381,I,1
13383,D,0
13388,I,1
13390,D,0
13392,I,1
13394,D,0
13396,I,1
13398,D,0
13403,I,1
13405,D,0
13409,I,1
13412,D,0
13414,I,1
13416,D,0
13418,I,1
13420,D,0
13425,I,1
13427,W,0
13436,I,1
13438,D,0
13440,I,1
13443,D,0
13451,I,1
13453,D,0
13455,I,1
13457,D,0
13459,I,1
13461,D,0
13467,W,0
13478,I,1
13481,U,12
13487,D,0
13493,I,1
13495,D,0
13497,I,1
13499,D,0
13504,I,1
13506,D,0
13508,I,1
13510,D,0
13514,I,1
13516,D,0
13518,D,0
13522,I,1
13524,D,0
13526,D,0
13530,I,1
13532,D,0
13534,D,0
13538,I,1
13540,D,0
13545,I,1
13547,W,0
13554,I,1
13556,D,0
13561,I,1
13563,D,0
13565,W,0
13574,I,1
13576,W,0
13585,I,1
13587,D,0
13591,I,1
13593,W,0
13602,W,0
13613,I,1
13615,W,0
13622,I,1
13625,D,0
13631,I,1
13633,W,4
13639,D,0
13644,I,1
13647,D,0
13652,I,1
13654,D,0
13659,I,1
13661,D,0
13665,I,1
13667,D,0
13670,U,14
13675,I,1
13677,D,0
13681,I,2
13684,D,0
13686,I,1
13688,D,0
13690,I,1
13693,D,0
13698,W,0
13705,I,1
13707,W,0
13714,I,2
13717,D,0
13721,D,0
13728,I,1
13730,D,0
13732,I,1
13734,D,0
13736,I,2
13739,D,0
13743,D,0
13747,I,2
13750,D,0
13752,I,1
13754,D,0
13756,I,1
13758,D,0
13762,D,0
13764,I,1
13766,D,0
13768,D,1
13772,D,0
13776,I,1
13778,D,0
13780,I,1
13782,D,0
13784,I,1
13786,D,0
13791,I,1
13793,D,0
13795,I,1
13797,D,0
13799,I,1
13802,D,0
13807,I,1
13809,D,0
13811,I,1
13813,W,0
13820,I,2
13823,D,0
13827,D,0
13832,I,1
13835,D,0
13837,I,1
13839,D,0
13841,I,2
13844,D,0
13847,D,0
13853,I,1
13855,D,0
13862,I,1
13864,D,0
13866,I,1
13868,D,0
13870,I,1
13872,D,0
13876,I,1
13878,D,0
13880,I,1
13882,D,0
13884,I,2
13887,D,0
13891,D,0
13896,I,1
13898,D,0
13900,I,1
13902,D,0
13904,I,1
13907,D,0
13913,I,1
13915,D,0
13917,I,1
13919,D,0
13923,I,1
13925,D,0
13927,W,0
13938,I,1
13940,W,12
13948,I,1
13950,D,0
13952,D,0
13956,I,1
13958,D,0
13962,I,1
13964,D,0
13966,I,1
13968,D,0
13974,I,1
13976,D,0
13978,D,0
13983,I,1
13985,D,0
13987,D,0
13991,I,1
13993,D,0
13995,I,1
13997,D,0
14001,I,1
14003,D,0
14005,D,0
14011,I,1
14013,D,0
14015,I,2
14018,D,0
14022,D,0
14028,D,0
14030,I,1
14032,D,0
14036,I,1
14038,D,0
14040,I,1
14043,D,0
14048,I,2
14051,D,0
14053,W,0
14063,D,0
14065,I,1
14068,D,0
14073,I,1
14075,D,0
14079,W,5
14088,I,1
14090,D,0
14094,I,1
14096,D,0
14100,I,1
14102,D,0
14106,I,1
14109,D,0
14114,I,1
14116,D,0
14121,I,2
14124,D,0
14127,W,0
14139,I,1
14141,U,33
14148,D,0
14155,I,1
14157,D,0
14159,I,1
14161,D,0
14163,I,1
14165,D,0
14170,I,0
14174,I,0
14178,I,1
14180,D,0
14182,I,1
14184,D,0
14186,I,1
14188,D,0
14192,I,0
14196,I,1
14198,D,0
14202,I,1
14204,D,0
14206,I,1
14208,D,0
14210,I,1
14213,D,0
14218,I,1
14220,D,0
14222,I,1
14224,D,0
14226,I,1
14228,D,0
14232,I,2
14235,D,0
14237,I,2
14239,D,0
14241,D,0
14245,D,0
14247,W,0
14256,W,0
14270,I,2
14273,D,0
14275,I,1
14277,D,0
14280,W,0
14292,I,2
14295,W,0
14304,W,0
14317,I,1
14319,D,0
14321,D,0
14325,I,1
14327,D,0
14329,I,1
14331,W,5
14339,I,0
14343,I,0
14347,I,1
14349,D,0
14353,I,1
14355,D,0
14359,I,1
14361,D,0
14365,I,2
14368,D,0
14372,D,0
14377,I,1
14379,D,0
14381,I,1
14383,D,0
14385,I,1
14387,D,0
14391,I,1
14393,D,0
14395,I,2
14398,W,1
14405,I,1
14407,D,0
14413,I,1
14415,D,0
14418,W,3
14427,I,1
14429,D,0
14433,I,1
14435,D,0
14439,I,1
14441,D,0
14446,I,1
14449,W,0
14462,I,1
14464,D,0
14466,I,2
14469,D,0
14471,I,1
14473,D,0
14476,D,0
14478,I,2
14481,D,0
14485,D,0
14492,I,1
14494,D,0
14496,I,1
14498,D,0
14500,I,1
14503,D,0
14508,I,1
14510,D,0
14512,I,1
14514,D,0
14516,I,1
14518,D,0
14522,I,1
14524,W,0
14533,I,1
14535,W,6
14544,I,0
14548,I,1
14550,D,0
14554,I,1
14557,D,0
14562,I,1
14564,D,0
14568,I,1
14571,D,0
14576,I,0
14579,I,1
14582,W,0
14596,I,2
14599,D,0
14601,I,1
14603,W,0
14610,I,1
14613,D,0
14619,W,1
14627,D,0
14629,I,1
14631,D,0
14635,I,1
14637,W,4
14645,I,0
14650,I,1
14652,D,0
14656,I,1
14658,D,0
14662,I,1
14664,D,0
14668,I,2
14671,W,0
14679,W,0
14689,I,1
14691,D,0
14693,D,0
14697,I,1
14699,D,0
14701,I,1
14703,D,0
14705,I,1
14707,D,0
14711,I,2
14714,D,0
14716,I,0
14719,D,0
14721,I,1
14723,W,4
14729,I,0
14734,I,1
14736,D,0
14740,I,1
14742,D,0
14746,I,1
14748,D,0
14752,I,2
14755,D,0
14758,W,0
14767,I,1
14769,D,0
14773,I,1
14775,D,0
14777,I,1
14779,W,0
14786,I,2
14789,D,0
14792,D,0
14796,I,1
14798,D,0
14800,I,1
14802,D,0
14807,I,1
14809,D,0
14811,I,1
14813,D,0
14815,I,1
14817,D,0
14826,I,1
14828,D,0
14830,I,1
14832,D,0
14836,I,1
14838,D,0
14840,I,1
14842,D,0
14846,I,1
14848,W,0
14855,I,1
14857,W,3
14866,I,1
14868,D,0
14872,I,1
14874,D,0
14878,I,1
14880,D,0
14884,I,2
14887,D,0
14891,W,0
14901,I,1
14903,D,0
14907,I,1
14909,D,0
14911,I,1
14913,W,3
14920,I,1
14922,D,0
14926,I,0
14930,I,1
14932,D,0
14937,I,2
14940,D,0
14944,W,0
14953,I,0
14957,U,6
14966,I,0
14970,I,1
14972,D,0
14976,I,1
14978,D,0
14980,I,1
14982,D,0
14986,I,1
14988,D,0
14990,D,0
14994,I,1
14996,D,0
14998,D,0
15003,I,2
15006,D,0
15008,D,0
15012,D,0
15014,I,1
15017,D,0
15024,W,0
15031,I,1
15033,W,4
15041,W,0
15050,I,1
15052,D,0
15056,I,1
15058,D,0
15062,I,1
15064,D,0
15068,W,0
15082,I,1
15084,U,11
15090,D,0
15096,I,1
15098,D,0
15100,D,0
15105,I,1
15107,D,0
15109,D,0
15113,I,1
15115,D,0
15117,D,0
15121,I,1
15123,D,0
15125,D,0
15129,I,1
15131,D,0
15133,D,0
15138,I,1
15140,D,0
15142,I,1
15144,D,0
15148,I,1
15150,D,0
15152,I,1
15154,D,0
15158,I,1
15160,D,0
15162,I,1
15165,D,0
15170,I,1
15172,D,0
15174,I,1
15177,D,0
15183,I,1
15185,D,0
15187,D,0
15190,W,0
15195,I,2
15198,W,1
15205,I,1
15207,D,0
15212,I,2
15215,D,0
15219,W,0
15227,W,2
15230,D,0
15233,W,0
15247,U,0
15265,U,19
15277,I,1
15279,D,0
15281,I,1
15283,D,0
15285,I,1
15287,D,0
15289,I,1
15291,D,0
15296,I,2
15299,D,0
15301,I,1
15303,D,0
15305,I,1
15307,D,0
15309,I,1
15311,D,0
15314,W,0
15320,I,2
15323,D,0
15325,I,1
15327,D,0
15329,I,1
15331,D,0
15335,W,0
15342,I,2
15345,D,0
15347,I,1
15350,D,0
15354,W,0
15361,I,2
15364,D,0
15368,D,0
15374,I,2
15377,D,0
15379,I,1
15381,D,0
15383,I,1
15385,D,0
15387,I,1
15389,D,0
15392,W,0
15403,I,2
15406,D,0
15408,I,1
15410,D,0
15412,I,1
15414,D,0
15418,D,0
15420,I,2
15422,D,0
15424,I,2
15427,D,0
15431,D,0
15435,D,0
15437,I,2
15440,D,0
15444,D,0
15449,I,1
15451,W,1
15467,D,0
15469,I,1
15471,D,0
15473,I,1
15475,D,0
15477,I,1
15479,D,0
15481,I,2
15483,W,0
15490,I,2
15493,D,0
15497,D,0
15502,W,0
15509,I,1
15511,D,0
15515,I,1
15517,U,9
15535,I,1
15537,D,0
15539,I,1
15541,D,0
15543,I,2
15546,D,0
15550,D,0
15555,I,1
15557,D,0
15559,I,1
15561,D,0
15563,I,1
15565,D,0
15569,I,1
15571,D,0
15573,I,1
15575,D,0
15577,I,2
15580,D,0
15583,W,0
15591,I,1
15593,D,0
15595,I,1
15597,D,0
15599,I,1
15601,D,0
15606,I,1
15608,D,0
15610,I,1
15612,D,0
15614,I,2
15617,D,0
15621,D,0
15625,I,1
15627,D,0
15629,I,1
15631,D,0
15633,I,1
15635,D,0
15639,I,2
15642,D,0
15645,D,0
15647,I,1
15649,D,0
15651,I,1
15653,D,0
15657,I,1
15659,D,0
15661,I,1
15663,D,0
15667,I,1
15669,D,0
15682,I,1
15685,U,12
15690,I,0
15695,I,1
15697,D,0
15699,D,0
15704,I,0
15708,I,0
15712,I,1
15714,D,0
15716,W,0
15725,I,1
15727,D,0
15731,I,0
15735,I,1
15737,D,0
15741,I,2
15743,D,0
15745,I,1
15747,D,0
15751,D,0
15753,D,0
15758,I,1
15760,D,0
15764,I,1
15766,D,0
15771,I,1
15773,D,0
15775,D,0
15780,W,0
15784,W,5
15791,D,0
15796,D,0
15800,D,0
15804,D,0
15806,I,1
15808,D,0
15812,W,0
15819,W,0
15841,I,1
15843,D,0
15845,I,1
15847,D,0
15849,I,1
15851,D,0
15853,I,2
15856,D,0
15860,D,0
15865,I,1
15867,D,0
15869,I,1
15871,D,0
15873,I,1
15875,D,0
15879,I,1
15881,D,0
15883,I,1
15885,D,0
15887,I,1
15889,D,0
15891,I,2
15894,D,0
15898,D,0
15902,I,1
15904,D,0
15906,I,1
15909,U,7
15921,I,1
15923,D,0
15925,W,0
15935,I,1
15937,D,0
15939,D,0
15944,I,0
15948,I,1
15950,D,0
15952,I,1
15954,D,0
15958,I,1
15960,D,0
15962,D,0
15966,I,0
15970,I,1
15972,D,0
15974,D,0
15979,U,10
15986,D,0
15990,I,0
15994,I,1
15996,D,0
16000,I,1
16002,D,0
16006,I,1
16008,D,0
16012,I,1
16014,D,0
16018,I,1
16021,D,0
16027,I,1
16029,D,0
16033,I,1
16035,D,0
16039,D,0
16044,I,2
16047,D,0
16051,D,0
16056,I,1
16058,D,0
16060,I,1
16062,D,0
16064,I,1
16066,D,0
16068,I,1
16070,D,0
16076,I,2
16079,W,0
16092,I,1
16094,W,1
16101,I,0
16112,I,2
16115,D,0
16117,I,2
16120,D,0
16124,D,0
16129,D,0
16131,D,0
16137,D,0
16139,I,1
16141,D,0
16143,I,1
16145,D,0
16147,I,1
16150,D,0
16155,I,1
16157,W,0
16165,I,1
16167,W,0
16174,I,1
16176,W,0
16186,I,2
16189,D,0
16193,D,0
16200,I,1
16202,D,0
16204,I,1
16206,D,0
16208,I,0
16212,I,1
16214,D,0
16216,I,1
16218,W,0
16227,I,1
16229,W,3
16236,I,1
16238,D,0
16242,I,1
16244,D,0
16248,I,1
16250,D,0
16255,I,2
16257,D,0
16261,W,0
16271,I,1
16273,W,0
16282,I,1
16285,D,0
16287,I,1
16289,D,0
16291,I,1
16294,D,0
16305,I,1
16307,U,9
16317,I,1
16319,D,0
16321,I,1
16323,D,0
16325,I,2
16328,D,0
16332,D,0
16336,I,0
16340,I,1
16342,D,0
16344,I,1
16346,D,0
16348,I,1
16350,D,0
16354,I,2
16357,D,0
16359,I,1
16361,D,0
16363,I,2
16366,D,0
16370,D,0
16373,D,0
16375,I,1
16377,D,0
16379,I,2
16382,D,0
16386,D,0
16391,I,2
16394,D,0
16396,I,1
16398,D,0
16400,I,1
16402,D,0
16405,D,0
16409,I,2
16412,D,0
16414,I,1
16416,D,0
16418,I,1
16421,D,0
16425,D,0
16427,I,1
16429,D,0
16431,I,1
16433,D,0
16437,I,1
16439,D,0
16441,I,1
16443,D,0
16445,I,2
16448,D,0
16452,D,0
16456,I,2
16459,D,0
16462,D,0
16467,I,1
16469,D,0
16472,W,3
16484,I,1
16486,D,0
16490,I,1
16492,D,0
16494,I,1
16496,D,0
16500,I,1
16502,D,0
16504,I,1
16506,D,0
16508,I,1
16510,D,0
16513,I,2
16516,W,4
16526,I,1
16528,D,0
16530,I,1
16532,D,0
16536,I,1
16538,D,0
16540,I,2
16543,D,0
16547,D,0
16552,I,1
16554,D,0
16556,D,0
16561,I,1
16563,D,0
16565,I,1
16567,D,0
16572,I,2
16575,D,0
16577,D,0
16581,D,0
16583,W,0
16592,W,2
16608,I,1
16610,D,0
16612,D,0
16617,I,1
16619,D,0
16621,D,0
16627,I,2
16630,W,2
16639,I,0
16643,I,1
16645,D,0
16652,I,1
16655,D,0
16659,W,1
16666,I,1
16668,D,0
16672,I,1
16675,D,0
16684,I,1
16686,W,0
16688,I,1
16690,D,0
16692,I,1
16694,D,0
16696,I,2
16699,D,0
16703,D,0
16707,I,1
16709,D,0
16713,U,7
16720,I,1
16722,D,0
16724,I,2
16726,D,0
16728,D,0
16732,D,0
16734,I,1
16736,D,0
16742,I,1
16744,D,0
16746,I,1
16748,D,0
16750,I,1
16752,D,0
16756,I,1
16758,D,0
16760,I,2
16763,D,0
16767,D,0
16771,I,1
16773,D,0
16775,I,1
16777,D,0
16779,I,1
16781,D,0
16785,I,1
16787,D,0
16789,I,1
16791,D,0
16793,I,2
16796,D,0
16800,D,0
16804,I,2
16807,D,0
16809,I,1
16811,D,0
16813,I,2
16816,D,0
16820,D,0
16824,D,0
16826,I,1
16828,D,0
16830,I,1
16832,D,0
16836,I,2
16839,D,0
16841,I,1
16843,D,0
16846,D,0
16848,I,1
16850,D,0
16852,I,1
16854,D,0
16858,W,7
16868,I,1
16870,D,0
16874,I,1
16876,D,0
16878,I,1
16880,D,0
16882,I,1
16884,D,0
16889,I,0
16893,I,1
16895,D,0
16897,I,1
16899,D,0
16901,I,1
16904,D,0
16909,I,1
16911,D,0
16915,I,1
16917,W,0
16927,I,2
16930,D,0
16932,I,1
16934,D,0
16937,W,0
16944,I,1
16947,D,0
16952,I,1
16954,W,3
16962,I,1
16964,D,0
16966,I,1
16968,D,0
16972,I,1
16974,D,0
16976,I,1
16978,D,0
16983,I,1
16985,D,0
16987,I,2
16990,D,0
16994,D,0
16997,I,1
16999,W,2
17006,D,0
17011,I,0
17019,I,1
17021,D,0
17024,I,2
17027,W,2
17038,I,1
17040,D,0
17042,I,2
17045,D,0
17049,D,0
17053,I,0
17059,W,1
17072,I,1
17074,D,0
17076,I,1
17079,D,0
17085,I,1
17087,W,2
17098,I,1
17100,D,0
17104,I,1
17106,D,0
17110,I,2
17113,D,0
17117,W,0
17127,W,7
17132,D,0
17134,D,0
17143,I,1
17145,D,0
17147,D,0
17151,I,0
17155,I,1
17157,D,0
17159,D,0
17163,I,0
17169,I,1
17171,D,0
17173,D,0
17178,I,1
17181,D,0
17184,I,2
17187,D,0
17189,D,0
17192,W,3
17197,D,0
17201,D,0
17205,D,0
17208,W,0
17228,U,7
17239,I,1
17241,D,0
17243,I,1
17245,D,0
17247,I,2
17250,D,0
17254,D,0
17258,I,1
17260,D,0
17262,I,1
17264,D,0
17266,I,2
17269,D,0
17273,D,0
17278,I,1
17280,D,0
17282,I,1
17284,D,0
17286,I,1
17288,D,0
17292,I,1
17294,D,0
17298,I,2
17301,D,0
17303,I,1
17305,D,0
17307,I,2
17310,D,0
17314,D,0
17318,D,0
17320,I,1
17322,D,0
17324,I,2
17327,D,0
17331,D,0
17337,I,1
17339,D,0
17341,I,2
17343,D,0
17345,I,1
17347,D,0
17351,D,0
17356,I,1
17358,D,0
17361,W,5
17373,I,1
17375,D,0
17379,I,1
17381,D,0
17383,I,1
17385,D,0
17387,I,2
17390,D,0
17394,D,0
17398,I,1
17401,D,0
17403,I,1
17405,W,0
17412,I,1
17414,D,0
17420,I,1
17422,D,0
17424,I,1
17426,D,0
17428,I,2
17431,D,0
17435,D,0
17439,I,1
17441,D,0
17443,I,1
17445,D,0
17447,I,1
17449,D,0
17452,I,1
17455,U,7
17465,I,1
17467,D,0
17469,I,1
17472,D,0
17477,I,0
17481,I,1
17483,D,0
17487,I,1
17489,D,0
17491,I,1
17494,D,0
17499,I,1
17501,D,0
17503,D,0
17508,I,1
17510,D,0
17512,I,2
17515,D,0
17519,D,0
17524,I,1
17526,D,0
17528,D,0
17533,I,2
17535,W,0
17542,I,1
17544,D,0
17548,D,0
17550,W,0
17562,I,1
17564,U,16
17571,I,2
17574,D,0
17576,I,2
17579,D,0
17581,I,1
17583,D,0
17587,D,0
17589,I,2
17592,D,0
17596,D,0
17601,W,0
17612,I,1
17614,W,0
17621,I,2
17624,D,0
17628,W,0
17642,I,1
17644,D,0
17646,I,2
17649,D,0
17653,D,0
17655,I,1
17658,D,0
17665,I,1
17667,D,0
17669,I,2
17672,D,0
17676,D,0
17681,D,0
17683,I,1
17685,D,0
17690,I,1
17692,D,0
17694,I,1
17696,D,0
17698,I,2
17701,D,0
17705,D,0
17711,I,1
17713,D,0
17715,I,1
17717,D,0
17719,D,0
17723,I,1
17725,D,0
17727,I,1
17729,D,0
17731,I,1
17733,D,0
17738,I,2
17741,D,0
17743,I,1
17745,D,0
17747,I,1
17749,D,0
17752,D,0
17754,I,1
17756,D,0
17758,I,2
17761,D,0
17765,D,0
17770,I,2
17773,D,0
17775,I,1
17777,D,0
17779,I,1
17781,D,0
17784,D,0
17786,I,2
17789,D,0
17793,D,0
17798,I,1
17800,D,0
17802,I,2
17805,D,0
17809,D,0
17814,I,1
17817,D,0
17819,I,1
17821,D,0
17826,I,1
17828,D,0
17830,I,1
17832,D,0
17834,I,1
17836,D,0
17840,I,1
17842,D,0
17844,I,1
17846,D,0
17848,I,1
17850,D,0
17855,I,1
17857,D,0
17859,I,1
17861,D,0
17863,I,1
17866,D,0
17871,I,1
17873,D,0
17875,I,1
17877,D,0
17879,I,1
17881,D,0
17885,I,1
17887,D,0
17889,W,4
17899,I,1
17901,D,0
17903,I,1
17905,D,0
17907,I,1
17909,D,0
17914,I,0
17918,I,0
17922,I,1
17924,I,1
17926,D,0
17928,I,1
17930,D,0
17935,I,1
17937,U,10
17947,I,1
17949,D,0
17951,D,0
17956,I,1
17958,D,0
17960,D,0
17965,I,1
17967,D,0
17969,D,0
17974,I,1
17976,D,0
17978,D,0
17983,I,1
17985,D,0
17987,D,0
17992,I,1
17994,D,0
17996,D,0
18001,I,1
18003,D,0
18005,D,0
18010,I,1
18012,D,0
18014,D,0
18018,I,1
18020,D,0
18025,I,1
18027,D,0
18029,I,1
18032,D,0
18038,W,8
18047,I,1
18049,D,0
18053,I,0
18057,I,1
18059,D,0
18063,I,1
18065,D,0
18069,I,1
18071,D,0
18075,I,1
18078,D,0
18083,I,1
18085,D,0
18089,I,1
18092,D,0
18099,U,1
18101,U,22
18121,I,1
18123,D,1
18125,W,6
18134,I,1
18136,D,0
18140,I,1
18143,D,0
18148,I,1
18150,D,0
18154,I,1
18156,D,0
18160,I,1
18162,D,0
18166,I,1
18168,D,0
18171,I,2
18174,W,0
18182,W,0
18192,I,2
18195,D,0
18198,D,0
18200,I,1
18202,W,6
18209,I,0
18213,I,1
18215,D,0
18219,I,0
18223,I,1
18225,D,0
18229,I,1
18231,D,0
18235,I,1
18237,D,0
18242,I,2
18245,D,0
18249,W,0
18258,I,1
18260,D,0
18264,I,1
18266,D,0
18268,I,1
18270,D,0
18272,I,1
18274,D,0
18278,I,1
18280,D,0
18282,I,1
18284,U,9
18291,I,0
18295,I,1
18297,D,0
18301,I,1
18303,D,0
18307,I,1
18309,D,0
18313,I,1
18315,D,0
18319,I,1
18321,D,0
18325,I,1
18327,D,0
18331,I,1
18333,D,0
18337,I,1
18339,D,0
18344,I,2
18347,W,0
18355,W,0
18367,I,1
18369,D,0
18371,I,1
18373,W,5
18380,I,0
18384,I,1
18386,D,0
18390,I,1
18392,D,0
18396,I,1
18398,D,0
18402,I,1
18404,D,0
18408,I,1
18411,W,0
18421,I,2
18424,D,0
18426,I,2
18429,D,0
18431,I,1
18434,D,0
18438,D,0
18440,I,1
18443,D,0
18447,D,0
18451,I,2
18454,D,0
18456,I,1
18458,U,9
18467,I,1
18469,D,0
18473,I,1
18475,D,0
18479,I,1
18481,D,0
18485,I,1
18487,D,0
18493,I,1
18495,D,0
18499,I,1
18501,D,0
18505,I,1
18508,D,0
18513,I,1
18515,D,0
18519,I,1
18521,D,0
18525,W,0
18543,D,0
18545,W,3
18552,I,0
18556,I,1
18558,D,0
18562,I,1
18564,D,0
18566,W,0
18575,I,1
18578,D,0
18584,I,2
18587,D,0
18589,I,1
18591,D,0
18593,I,1
18595,D,0
18599,D,0
18601,I,1
18603,U,13
18611,I,1
18613,D,0
18617,I,1
18619,D,0
18623,I,1
18625,D,0
18629,I,1
18631,D,0
18635,I,1
18637,D,0
18641,I,1
18644,D,0
18649,I,1
18651,D,0
18655,I,1
18657,D,0
18661,I,1
18664,D,0
18669,I,1
18671,D,0
18675,I,1
18677,D,0
18681,I,1
18684,D,0
18689,I,1
18691,D,0
18695,U,0
18715,I,1
18717,D,0
18721,I,1
18723,D,0
18727,I,1
18729,D,0
18733,I,1
18735,D,0
18741,I,1
18743,D,0
18747,I,1
18749,D,0
18753,I,1
18755,D,0
18759,I,1
18761,D,0
18765,I,1
18767,D,0
18771,I,1
18773,D,0
18777,I,1
18780,W,0
18807,I,1
18809,D,0
18813,D,0
18815,I,1
18817,W,0
18832,U,22
18844,I,1
18846,W,2
18861,I,2
18864,D,0
18866,I,2
18869,W,0
18876,I,2
18879,D,0
18883,D,0
18886,W,0
18895,I,1
18897,D,0
18901,D,0
18903,I,1
18905,D,0
18907,I,1
18909,D,0
18913,I,1
18915,D,0
18917,I,1
18919,D,0
18921,I,2
18924,D,0
18928,D,0
18931,I,1
18933,U,14
18941,I,0
18945,I,1
18947,D,0
18949,I,1
18951,D,0
18956,I,1
18958,D,0
18960,D,0
18965,I,0
18969,I,1
18971,D,0
18973,I,2
18976,D,0
18980,D,0
18985,I,1
18987,D,0
18989,I,1
18991,D,0
18995,I,1
18997,D,0
18999,W,0
19009,I,1
19011,D,0
19013,I,2
19016,D,0
19020,D,0
19025,I,1
19027,D,0
19029,I,2
19032,D,0
19036,D,0
19040,I,1
19042,D,0
19044,I,2
19047,D,0
19051,D,0
19055,I,1
19057,D,0
19059,I,1
19061,D,0
19065,I,2
19068,D,0
19070,I,1
19072,D,0
19075,W,0
19082,I,1
19084,D,0
19089,I,2
19092,D,0
19094,I,2
19097,D,0
19101,D,0
19104,D,0
19106,I,1
19109,D,0
19114,I,2
19117,D,0
19119,I,1
19122,D,0
19126,W,0
19133,I,1
19136,D,0
19142,I,1
19144,W,0
19153,I,1
19155,W,0
19176,I,1
19178,W,2
19189,D,0
19191,W,0
19199,D,0
19201,I,2
19204,D,0
19207,D,0
19211,I,1
19213,D,0
19215,I,1
19217,D,0
19219,I,1
19221,D,0
19223,I,1
19225,D,0
19230,I,1
19232,D,0
19234,I,1
19236,D,0
19238,I,1
19240,D,0
19242,I,1
19244,D,0
19248,I,1
19250,D,0
19252,I,1
19254,D,0
19256,W,0
19265,I,2
19268,D,0
19271,D,0
19282,I,1
19284,D,0
19286,I,1
19288,D,0
19292,I,1
19294,D,0
19296,I,1
19298,D,0
19300,I,1
19302,D,0
19304,I,1
19306,D,0
19310,I,1
19312,D,0
19314,I,1
19316,D,0
19318,I,1
19320,D,0
19322,I,1
19324,D,0
19328,I,1
19330,D,0
19332,I,1
19334,D,0
19336,I,1
19338,D,0
19340,I,1
19342,D,0
19346,I,1
19348,D,0
19350,I,1
19352,D,0
19354,I,1
19356,D,0
19358,I,1
19360,D,0
19364,I,1
19366,D,0
19368,I,2
19370,D,0
19372,I,1
19374,D,0
19376,I,1
19378,D,0
19382,D,0
19386,I,2
19389,D,0
19391,I,1
19393,D,0
19395,I,1
19397,D,0
19399,I,2
19402,D,0
19406,D,0
19409,U,3
19428,I,1
19430,D,0
19432,I,2
19435,D,0
19437,I,2
19440,D,0
19444,D,0
19447,W,0
19456,I,1
19458,D,0
19463,I,1
19465,D,1
19468,W,0
19477,I,1
19480,D,0
19484,W,9
19493,I,1
19495,D,0
19499,I,1
19501,D,0
19505,I,1
19507,D,0
19511,I,1
19513,D,0
19517,I,1
19519,D,0
19523,I,1
19525,D,0
19529,I,1
19531,D,0
19535,I,1
19538,D,0
19543,I,1
19546,D,0
19552,I,1
19555,D,0
19560,I,2
19563,D,0
19565,I,2
19568,D,0
19570,I,1
19572,D,0
19575,W,6
19583,I,1
19585,D,0
19589,I,1
19591,D,0
19595,I,1
19597,D,0
19601,I,1
19603,D,0
19607,I,1
19609,D,0
19613,I,1
19615,D,0
19620,I,2
19623,D,0
19627,D,0
19630,D,0
19632,I,1
19634,D,0
19646,W,0
19657,I,1
19659,U,12
19664,I,1
19666,D,0
19668,I,2
19671,D,0
19675,D,0
19679,I,1
19681,D,0
19683,D,0
19688,I,1
19690,D,0
19692,I,1
19694,D,0
19698,I,0
19702,I,0
19706,I,1
19708,D,0
19710,W,0
19720,I,0
19724,I,1
19726,D,0
19728,I,2
19731,D,0
19735,D,0
19740,I,1
19743,D,0
19745,W,0
19755,I,1
19757,D,0
19759,I,1
19762,D,0
19767,I,2
19770,D,0
19773,W,0
19780,I,1
19783,D,0
19788,I,0
19792,W,2
19810,I,1
19812,D,0
19814,I,2
19817,D,0
19821,D,0
19826,I,1
19828,D,0
19832,I,1
19834,W,7
19839,I,1
19841,D,0
19847,I,1
19849,D,0
19853,I,1
19855,D,0
19859,I,1
19861,D,0
19865,I,1
19867,D,0
19871,I,1
19873,D,0
19877,I,1
19879,D,0
19883,I,2
19886,D,0
19889,D,0
19897,I,1
19899,D,0
19901,I,1
19903,D,0
19905,I,1
19907,D,0
19909,I,1
19911,D,0
19915,I,1
19917,D,0
19919,I,1
19921,D,0
19923,I,1
19925,D,0
19927,I,1
19929,D,0
19933,I,1
19935,D,0
19937,I,1
19939,D,0
19941,I,1
19943,D,0
19945,I,1
19947,D,0
19954,I,1
19956,D,0
19958,I,1
19960,W,0
19967,I,1
19969,W,0
19976,I,1
19978,D,0
19983,I,1
19985,D,0
19987,I,2
19990,D,0
19992,I,1
19994,D,0
19996,I,1
19998,D,0
20001,D,0
20003,I,2
20006,D,0
20008,I,1
20011,D,0
20015,D,0
20017,I,1
20019,D,0
20024,I,2
20027,W,0
20030,D,0
20032,I,1
20034,D,0
20036,I,1
20038,D,0
20042,I,1
20044,D,0
20046,I,1
20048,W,0
20060,I,2
20063,W,0
20070,I,1
20072,D,0
20075,W,11
20082,I,0
20087,I,0
20091,I,0
20095,I,1
20097,D,0
20101,I,1
20103,D,0
20107,I,1
20109,D,0
20113,I,1
20115,D,0
20119,I,1
20121,D,0
20125,I,2
20128,D,0
20132,D,0
20136,I,1
20138,D,0
20142,I,1
20144,D,0
20148,I,2
20151,W,0
20159,W,0
20173,I,1
20175,U,17
20198,I,1
20200,I,1
20202,D,0
20204,I,1
20206,D,0
20210,I,2
20213,D,0
20215,I,1
20217,D,0
20219,I,1
20221,D,0
20224,D,0
20226,I,1
20228,D,0
20230,I,2
20233,D,0
20237,D,0
20241,I,2
20244,D,0
20246,I,1
20248,D,0
20253,D,0
20255,I,1
20257,D,0
20259,I,2
20262,D,0
20266,D,0
20272,I,2
20275,D,0
20277,I,1
20279,D,0
20281,I,1
20283,D,0
20286,D,0
20288,I,2
20291,D,0
20293,I,1
20295,D,0
20298,W,5
20307,I,0
20311,I,0
20315,I,1
20317,D,0
20321,I,1
20323,D,0
20327,I,1
20329,D,0
20334,I,2
20337,D,0
20341,D,0
20345,I,1
20347,D,0
20349,I,1
20351,D,0
20353,I,1
20355,D,0
20359,I,1
20361,D,0
20366,I,1
20368,D,0
20370,I,1
20372,D,0
20374,I,1
20376,D,0
20380,I,1
20382,D,0
20384,I,1
20386,D,0
20390,I,0
20394,I,0
20398,I,1
20400,D,0
20402,I,1
20404,D,0
20406,I,0
20411,I,1
20413,D,0
20415,I,1
20417,D,0
20419,I,2
20422,D,0
20426,D,0
20430,I,1
20432,D,0
20434,W,0
20443,I,1
20445,D,0
20449,I,1
20452,W,4
20459,I,0
20463,I,0
20467,I,0
20471,I,1
20473,D,0
20479,I,1
20481,W,6
20488,I,1
20490,D,0
20494,I,0
20498,I,1
20500,D,0
20504,I,1
20506,D,0
20510,I,1
20512,D,0
20516,I,1
20518,D,0
20524,I,2
20527,D,0
20531,D,0
20537,I,0
20541,D,0
20543,I,1
20545,D,0
20547,I,1
20549,D,0
20553,U,7
20561,I,1
20563,D,0
20565,D,0
20569,I,0
20573,I,1
20575,D,0
20577,I,1
20579,D,0
20583,I,1
20585,D,0
20587,I,1
20590,D,0
20596,I,1
20598,W,0
20607,I,1
20610,D,0
20615,I,1
20617,W,0
20624,I,2
20627,D,0
20631,D,0
20636,I,0
20640,I,1
20642,W,0
20651,W,0
20668,I,1
20670,U,13
20675,I,0
20679,I,1
20681,D,0
20683,I,1
20685,D,0
20689,I,1
20691,D,0
20693,D,0
20698,I,1
20700,D,0
20702,D,0
20709,I,1
20711,D,0
20713,W,0
20723,I,1
20725,D,0
20727,W,0
20736,I,1
20738,D,0
20740,W,0
20749,I,1
20751,D,0
20753,I,1
20756,D,0
20761,I,1
20763,D,0
20765,W,0
20776,I,1
20778,D,0
20780,I,2
20783,D,0
20787,D,0
20792,I,1
20794,W,3
20800,D,0
20804,D,0
20808,I,1
20810,D,0
20814,I,2
20817,D,0
20821,D,0
20826,I,1
20828,D,0
20830,I,1
20832,D,0
20836,I,1
20838,D,0
20840,W,0
20852,I,1
20854,W,5
20862,I,1
20864,D,0
20868,I,1
20870,D,0
20874,I,1
20876,D,0
20880,I,1
20882,D,0
20886,I,2
20889,D,0
20893,D,0
20899,I,2
20902,D,0
20905,D,0
20910,I,1
20912,W,3
20926,I,1
20928,D,0
20930,I,1
20932,D,0
20934,I,2
20937,D,0
20941,D,0
20946,I,1
20948,D,0
20950,I,2
20953,D,0
20955,I,2
20958,D,0
20962,D,0
20967,D,0
20969,I,1
20972,D,0
20978,D,0
20983,I,1
20985,U,8
20996,I,1
20998,D,0
21000,D,0
21005,I,0
21009,I,1
21011,D,0
21013,D,0
21018,I,1
21020,D,0
21022,D,0
21026,I,1
21028,D,0
21034,I,2
21036,D,0
21038,I,2
21041,D,0
21045,D,0
21049,D,0
21051,D,0
21055,I,1
21057,W,0
21063,I,2
21066,D,0
21070,D,0
21075,I,2
21078,D,0
21080,D,0
21083,D,0
21085,D,0
21087,I,1
21089,W,2
21097,I,1
21099,D,0
21103,I,1
21105,D,0
21111,I,1
21113,D,0
21120,I,1
21122,D,0
21124,I,2
21127,W,0
21134,I,1
21136,D,0
21138,I,1
21140,D,0
21143,W,1
21150,I,1
21152,D,0
21154,D,0
21159,I,2
21162,W,0
21171,I,1
21174,D,0
21178,D,0
21180,I,2
21183,W,0
21191,W,0
21213,I,1
21215,U,32
21219,W,0
21231,I,1
21233,U,7
21239,I,1
21241,D,0
21247,I,1
21249,D,0
21253,I,1
21256,D,0
21261,I,1
21263,D,0
21267,I,1
21269,D,0
21273,I,1
21275,D,0
21279,I,3
21282,D,0
21286,D,0
21290,W,0
21303,I,1
21305,W,0
21323,I,1
21325,D,0
21327,I,1
21329,W,0
21336,I,2
21339,D,0
21342,D,0
21348,W,0
21362,I,1
21364,W,3
21370,I,1
21372,D,0
21377,I,1
21379,D,0
21384,D,0
21386,I,2
21389,D,0
21393,D,0
21396,I,2
21399,D,0
21402,D,0
21413,I,1
21415,D,0
21417,I,1
21419,D,0
21421,I,2
21424,D,0
21427,D,0
21431,I,1
21433,D,0
21435,I,1
21437,D,0
21439,I,1
21441,D,0
21445,I,1
21447,D,0
21449,I,1
21451,W,0
21460,I,2
21463,D,0
21466,D,0
21471,I,2
21474,D,0
21476,I,1
21478,D,0
21480,I,1
21482,D,0
21485,D,0
21487,I,1
21489,D,0
21491,I,1
21493,D,0
21498,I,1
21500,D,0
21502,I,1
21504,D,0
21506,I,1
21508,D,0
21516,I,1
21518,D,0
21520,I,1
21522,D,0
21524,I,1
21526,D,0
21531,I,2
21534,D,0
21536,I,1
21538,D,0
21540,I,1
21542,D,0
21545,D,0
21547,I,1
21549,W,0
21558,I,1
21560,D,0
21565,I,2
21568,D,0
21570,I,2
21572,D,0
21574,I,1
21577,D,0
21582,D,0
21584,I,2
21587,D,0
21590,D,0
21593,D,0
21595,I,1
21597,D,0
21599,I,1
21601,D,0
21605,I,1
21607,D,0
21609,I,1
21611,D,0
21613,I,2
21616,D,0
21619,D,0
21624,I,1
21626,D,0
21628,I,1
21630,W,1
21636,I,1
21638,D,0
21642,I,2
21645,D,0
21648,D,0
21654,I,1
21656,D,0
21658,I,1
21660,D,0
21666,I,1
21668,D,0
21670,I,1
21672,D,0
21674,I,1
21676,D,0
21681,I,1
21683,D,0
21685,I,1
21687,D,0
21689,I,2
21692,D,0
21695,D,0
21700,I,2
21702,D,0
21704,I,1
21706,D,0
21708,I,1
21710,D,0
21714,D,0
21718,I,1
21720,D,0
21722,I,1
21724,D,0
21726,I,1
21728,D,0
21734,I,1
21736,D,0
21738,I,1
21740,W,0
21749,I,2
21752,W,0
21760,W,0
21770,I,2
21772,D,0
21774,I,1
21776,D,0
21778,I,1
21780,D,0
21785,D,0
21789,I,1
21791,D,0
21793,I,1
21795,D,0
21797,I,1
21799,D,0
21804,I,1
21806,D,0
21808,I,1
21810,D,0
21812,I,2
21815,D,0
21818,W,0
21827,I,2
21829,D,0
21831,I,1
21833,D,0
21835,I,1
21837,D,0
21842,D,0
21846,I,1
21848,D,0
21850,I,1
21852,W,3
21859,I,1
21862,D,0
21867,I,1
21870,D,0
21874,W,0
21891,I,1
21893,D,0
21895,I,1
21897,D,0
21899,I,1
21901,D,0
21907,I,0
21911,I,1
21913,D,0
21915,I,1
21917,D,0
21921,I,0
21925,I,1
21927,W,3
21931,W,0
21938,I,1
21940,D,0
21947,W,0
21957,W,0
21965,I,1
21967,D,0
21969,W,2
21973,D,0
21977,D,0
21999,I,0
22003,I,1
22005,W,0
22014,I,1
22016,D,0
22018,W,0
22037,U,8
22044,I,1
22046,I,1
22048,D,0
22053,I,1
22055,D,0
22057,D,0
22063,I,1
22065,D,0
22067,D,0
22072,I,1
22075,D,0
22077,D,0
22082,I,2
22085,D,0
22089,D,0
22091,I,2
22094,D,0
22097,D,0
22102,I,1
22104,D,0
22106,I,1
22109,D,0
22114,I,1
22116,W,0
22123,I,2
22126,D,0
22129,W,0
22137,D,0
22139,W,0
22149,W,0
22158,I,0
22160,I,1
22162,W,6
22167,D,0
22169,D,0
22177,I,1
22179,D,0
22181,D,0
22185,I,1
22187,D,0
22189,D,0
22193,I,1
22195,D,0
22197,I,1
22199,D,0
22206,I,1
22208,D,0
22210,D,0
22215,I,1
22217,D,0
22219,D,0
22223,W,9
22229,I,0
22233,I,1
22235,D,0
22239,I,1
22241,D,0
22245,I,1
22247,D,0
22252,I,1
22254,D,0
22258,I,1
22260,D,0
22265,I,1
22267,D,0
22272,I,1
22274,D,0
22278,I,1
22280,D,0
22284,W,0
