name;col;row;treatment;volume;diameter;height;estimated_leaf_area;STAR;max_excentricity
X0036;1;1;WW;2.437958566;0.907944052;1.708686142;3.053072173;0.626818643;0.965208197
X0036;2;1;WD;1.950687805;0.817107748;1.674100943;3.097198536;0.584994152;0.220593747
X0036;9;14;WW;2.067581888;1.684348118;1.765577869;2.731371053;0.656105315;0.525523043
X0036;10;14;WD;3.081121206;1.645915145;2.151167746;4.497583528;0.606121942;0.457850453
X0048;1;2;WW;0.531427028;0.596355732;1.453130027;0.482438593;0.629090039;0.295063871
X0048;2;2;WD;0.654937655;0.720317168;1.213035681;0.668645383;0.753172255;0.588097726
X0048;7;55;WW;1.731667621;0.979487094;1.848828001;1.718079449;0.836732311;0.379243143
X0048;8;55;WD;1.268122782;0.949807817;1.594030307;1.500574639;0.77546845;0.459133961
X0156;1;3;WW;3.229681504;1.155655259;2.406335899;2.74166617;0.83063081;0.517158959
X0156;2;3;WD;4.095444907;1.461916152;2.178089121;4.344016726;0.632853939;1.050811768
X0156;7;85;WW;4.369611289;1.639549937;2.731149167;4.43655644;0.789915628;0.728072375
X0156;8;85;WD;3.03476292;1.087869712;2.330969453;2.732618353;0.90727381;0.668548314
X0337;1;4;WW;3.597358088;1.147058635;3.245804663;4.257888599;0.834299255;0.402487373
X0337;2;4;WD;2.523784531;1.363608231;2.842301769;3.93050723;0.708207943;0.259385809
X0337;7;54;WW;3.366103898;1.047942534;3.113037788;3.749632042;0.916137835;0.427073585
X0337;8;54;WD;1.806960971;0.463393466;2.92946683;2.672160867;0.905666715;0.325396553
X0342;1;5;WW;2.103286112;0.925273363;2.173446488;2.606340929;0.848972024;0.456461596
X0342;2;5;WD;1.586443113;0.718847862;2.117693035;2.341272005;0.753062393;0.292830102
X0342;5;83;WW;2.723956226;1.098241;2.581536307;2.864912694;0.887414338;0.272309333
X0342;6;83;WD;2.004519199;0.835521166;2.25033294;2.87073213;0.716229397;0.186025821
X0344;1;6;WW;3.948909717;1.226791804;3.440618647;4.102979678;0.939427496;0.351599342
X0344;2;6;WD;3.811882951;1.576272488;2.966495495;4.108420597;0.882320159;0.572049864
X0344;9;45;WW;3.038625896;1.140155765;2.796415021;2.766162602;1.018803168;0.39572543
X0344;10;45;WD;2.969397131;0.95329474;2.621400276;4.725614004;0.701763324;0.260006472
X0352;1;7;WW;2.180909936;0.948979379;2.165624092;3.106723558;0.649176438;0.46340407
X0352;2;7;WD;0.925719416;0.729904126;1.894523849;1.441708907;0.768802582;0.370063687
X0352;7;29;WW;2.069981794;0.910751883;2.428290424;3.491170351;0.659529669;0.288221629
X0352;8;29;WD;1.533840694;0.672005075;1.753903303;2.53581968;0.542798738;0.234759369
X0380;1;8;WW;5.262300496;1.387580139;2.573370705;3.334453148;0.938793535;0.474816811
X0380;2;8;WD;2.894986832;1.759275126;2.098549858;2.990900926;0.803030804;0.530548867
X0380;7;59;WW;3.771521855;1.380822768;2.630883662;3.141181376;0.909528064;0.49738318
X0380;8;59;WD;2.787701073;1.268944499;2.301583735;2.62922302;0.857812119;0.58417541
X0395;1;9;WW;1.648154029;0.554157647;2.274075921;2.462996904;0.71320787;0.486239861
X0395;2;9;WD;3.637775561;1.498497986;2.751500666;2.869820406;0.971190176;0.578614772
X0395;9;64;WW;1.462429893;0.972428432;1.827293526;1.664156721;0.766318698;0.5810108
X0395;10;64;WD;1.051120544;0.599970294;1.768388721;1.956395812;0.580512151;0.34804427
X0404;2;10;WD;5.775594469;2.130815327;2.674042254;5.15907259;0.84920988;0.404720078
X0404;7;41;WW;4.505485837;1.385474524;2.581804213;5.377989742;0.766687926;0.583666771
X0404;8;41;WD;2.215187625;0.875751895;2.39711861;2.925538756;0.796227887;0.479886025
X0421;1;11;WW;2.366135922;1.04311314;2.197599737;1.85762971;1.016397757;0.586735519
X0421;2;11;WD;4.0401062;1.73162137;2.625140753;4.347288796;0.767572092;0.334962679
X0421;9;24;WW;2.327533147;1.25037151;1.654988004;2.031695995;0.776257747;0.474079325
X0421;10;24;WD;3.099764772;1.455747442;2.058188607;4.090528457;0.646492281;0.565155827
X0468;1;12;WW;3.210334644;2.205765807;2.25708833;2.877935189;0.785389634;0.619309595
X0468;2;12;WD;4.309987538;1.347761689;2.239984122;3.640619363;0.816658193;0.532542536
X0468;7;82;WW;4.627893336;1.583584213;1.882296326;3.684720728;0.828500476;0.45735577
X0468;8;82;WD;2.515978904;0.825729824;1.925851213;2.565094606;0.751842318;0.382828622
X0522;1;13;WW;2.73249264;1.034441832;1.868332519;3.826706396;0.510849641;0.258039917
X0522;2;13;WD;2.247384648;0.91586309;1.7740989;3.020385836;0.579113998;0.80619012
X0522;7;65;WW;2.963813055;1.266106104;2.032534404;3.079077188;0.807411036;0.466463145
X0522;8;65;WD;2.443889691;1.207109562;1.573078885;3.606499089;0.614674304;0.430575674
X0585;1;14;WW;2.428695498;1.161111557;1.477099433;2.950909737;0.610762844;0.888648907
X0585;2;14;WD;3.194397394;2.061188507;1.844770437;4.992351108;0.584403616;0.417231621
X0585;5;72;WW;3.373411728;1.04328898;2.029788726;3.837952245;0.599916144;0.237813905
X0585;6;72;WD;1.596643184;0.763546476;1.738539805;1.427315906;0.760339272;0.578455765
X0591;1;15;WW;4.488416906;1.408327208;2.46705888;4.453276626;0.816971748;0.389526697
X0591;7;67;WW;3.228220527;1.154059055;2.700373971;2.265062469;1.096919264;0.714942618
X0591;8;67;WD;4.262637896;1.686674451;2.834087281;3.526014654;0.930171642;0.320653748
X0599;1;16;WW;2.080053444;1.23925031;2.557767391;3.066415732;0.748640828;0.361353331
X0599;7;53;WW;3.223208915;1.668528427;2.864086987;2.497164455;0.98617027;0.69204893
X0599;8;53;WD;1.726282568;0.934802972;2.133414885;3.167560594;0.607473711;0.191700304
X0600;2;17;WD;3.521946117;0.880204125;2.426860997;5.286838678;0.617150822;0.356557205
X0600;5;92;WW;3.819987318;1.076431724;2.795589028;3.664671818;0.844038045;0.469423623
X0600;6;92;WD;2.999718576;0.880131717;2.293337933;4.997800203;0.550226861;0.561302984
X0640;1;18;WW;4.694156936;2.087521283;2.230546066;2.965516873;0.956518754;0.401953182
X0640;5;79;WW;4.61535624;2.005463851;2.37879847;1.863569123;1.217626886;0.45297375
X0640;6;79;WD;2.952132158;1.310560895;2.495131091;1.625526278;1.044502104;0.275247677
X0666;1;19;WW;2.509646478;0.984371271;2.350014212;3.733068818;0.651561998;0.473577307
X0666;2;19;WD;2.828896875;1.10420114;2.175239994;3.932568735;0.636995524;0.47179889
X0666;9;75;WW;3.266831178;1.113250664;2.199206703;4.089827321;0.727291209;0.696998594
X0666;10;75;WD;1.258215067;0.7346656;1.664908084;1.833752132;0.73138178;0.266106822
X0667;1;20;WW;1.85284974;0.6956605;2.956545365;3.37694542;0.771291889;0.336943807
X0667;2;20;WD;1.47217035;0.380673385;2.966027879;3.734603249;0.66978579;0.136506262
X0667;9;78;WW;2.195315145;0.747126601;2.465934292;4.553023424;0.585415281;0.241148061
X0667;10;78;WD;2.489471886;0.741995269;2.525395442;4.803748438;0.563685888;0.278970854
X0695;1;21;WW;6.468078006;1.923856614;2.288035519;7.080455908;0.663216583;0.491665488
X0695;2;21;WD;2.721409493;1.038125022;1.778615669;3.747437707;0.636571804;0.343058284
X0695;7;48;WW;2.962315678;1.151732265;2.454586848;2.754922584;0.759938892;0.638004754
X0695;8;48;WD;3.540759488;1.46322472;1.963860915;3.935954891;0.588456074;0.689692093
X0700;1;22;WW;2.3226245;1.291563535;2.516774945;1.237055914;1.038911477;0.433497327
X0700;2;22;WD;1.207228491;0.569654634;2.238824452;1.425317567;0.808005559;0.354248854
X0700;7;12;WW;4.53935054;1.457241857;3.09767967;3.73962508;0.8885652;0.703478505
X0700;8;12;WD;2.017475803;0.829248887;3.339116566;2.462919023;0.987788437;0.230133766
X0710;1;23;WW;2.65659101;0.771931464;2.46840811;3.635583474;0.70712625;0.662000111
X0710;2;23;WD;3.368007048;1.307454728;2.953762621;3.891449618;0.789330375;0.339677665
X0710;9;35;WW;3.518794431;1.214497876;2.510263769;6.073625444;0.597817364;0.24394434
X0710;10;35;WD;3.642552192;1.546943419;2.279432694;3.97337918;0.772281061;0.503326211
X0778;1;24;WW;2.226835911;0.672102606;2.250375694;3.786118219;0.628081814;0.419062414
X0778;2;24;WD;3.261814231;1.437572154;2.196309172;4.747793819;0.557830195;0.372220787
X0778;9;77;WW;2.020455852;0.782403822;2.130240561;4.519434704;0.518039665;0.306567732
X0778;10;77;WD;1.991677314;0.78522499;1.784226708;3.833725794;0.484335263;0.386991223
X0849;1;25;WW;3.867998213;1.623523752;1.922436773;5.388372207;0.649778583;0.318835427
X0849;2;25;WD;3.686498876;1.282689964;2.173362645;6.872632912;0.541571512;0.461438835
X0849;5;71;WW;5.234231113;2.002078236;2.076061153;5.920113064;0.695136087;0.5651682
X0898;5;48;WW;5.563191786;2.265176814;2.284349385;5.297752994;0.673260047;0.685109517
X0898;5;74;WW;8.031415334;2.769023097;2.308611405;4.712019268;0.877879799;0.791901399
X0898;6;48;WD;3.636314085;1.395203657;1.871334474;3.599989949;0.665606617;0.443133508
X0898;6;74;WD;4.874094822;2.019804503;1.821981901;3.231945718;0.974202602;0.940048563
X0942;1;26;WW;4.334578158;1.302994991;2.31165598;6.044457388;0.633353298;0.428905138
X0942;2;26;WD;4.612243459;1.04927308;2.578399231;7.888345627;0.546896213;0.297555506
X0942;5;50;WW;3.310001126;0.99209997;2.305979087;4.945197102;0.630764452;0.81192652
X0942;6;50;WD;2.278048087;1.01020612;2.125801543;3.375990386;0.639704974;0.19780022
X0960;1;27;WW;2.568081683;0.912029813;2.740782688;2.102349546;0.997017157;0.187127574
X0960;2;27;WD;2.368032169;1.136543781;2.865274353;2.200672642;1.024972993;0.353515698
X0960;5;96;WW;2.261698611;1.630554877;2.594760145;1.823253911;1.017064667;0.351466073
X0960;6;96;WD;1.911279885;0.898848201;2.431442865;1.424239759;1.138828672;0.306159124
X0968;1;28;WW;4.550642493;1.115238256;2.479230271;5.852523761;0.572725516;0.268054033
X0968;2;28;WD;5.266894108;1.385746694;2.795143967;7.428143403;0.56062863;0.531079378
X0968;9;22;WW;4.8274341;2.275241808;2.614971541;5.662870971;0.688585727;0.389543723
X0968;10;22;WD;5.530529414;1.442485794;2.932849768;8.068617241;0.582995369;0.502082103
X0972;1;29;WW;3.621440968;1.808381117;1.664384182;4.547061782;0.641420299;0.537888799
X0972;2;29;WD;2.712078491;1.290723248;1.798213207;2.741174211;0.750395862;0.865349812
X0972;7;7;WW;3.758649273;1.547732742;2.286496568;6.717673206;0.513713732;0.275798937
X0972;8;7;WD;4.348496426;2.008336965;2.087121339;4.420073808;0.755694125;0.518440648
X1064;1;30;WW;2.764513077;1.329528788;2.062788386;3.606871905;0.672597705;0.542526508
X1064;2;30;WD;2.953915089;1.10172182;2.323725548;4.036830229;0.720870069;0.174425419
X1064;9;94;WW;2.786808831;1.02917355;2.337431498;3.645711189;0.685226821;0.457287114
X1071;1;31;WW;4.642067552;1.982973434;2.761774768;3.282784234;0.970165472;0.47423597
X1071;2;31;WD;5.118374808;1.998674014;2.766367091;3.366655728;0.964522698;0.377107957
X1071;9;12;WW;4.987063322;2.054149426;2.813689319;3.288654347;0.934600924;0.60907552
X1071;10;12;WD;5.169108019;3.090762935;2.134733121;3.905871214;0.89549752;1.38045113
X1076;1;32;WW;1.340144927;0.606538748;1.662214045;2.153466401;0.566268072;0.672317657
X1076;2;32;WD;1.261997863;0.565984687;1.63314522;2.736310724;0.529896304;0.13826316
X1076;7;19;WW;2.150439674;0.969054521;2.080040196;2.899316;0.661088116;0.573607772
X1076;8;19;WD;2.227561339;0.942983509;1.93081221;3.487072384;0.521402899;0.467693165
X1077;1;33;WW;1.825107469;1.025742873;1.738607605;1.823885112;0.614125466;0.322219102
X1077;2;33;WD;1.20490262;0.770202523;1.50615613;1.369964768;0.626571209;0.343809663
X1077;9;17;WW;2.775035967;1.092650683;2.197106475;2.994834291;0.775594959;0.290466416
X1077;10;17;WD;2.681268909;1.036858402;2.103113578;3.03096075;0.721173701;0.539062475
X1095;1;34;WW;3.564937742;1.200298244;2.13962262;5.430392356;0.533351213;0.47014467
X1095;2;34;WD;3.92532822;1.19742327;2.583743526;5.990770843;0.587891895;0.263740914
X1095;7;32;WW;2.950365753;1.224861102;2.357882824;3.647278235;0.701092254;0.317540149
X1095;8;32;WD;5.900984701;2.146003819;2.368521872;4.457440247;0.883242908;1.312095483
X1176;1;35;WW;1.757591134;0.781581986;1.787083372;2.945110236;0.589937491;0.313535233
X1176;2;35;WD;2.683366969;1.055561774;2.247425564;4.953824842;0.577551065;0.325328768
X1176;7;79;WW;3.821634637;1.516077732;2.260109975;3.803879504;0.691365905;0.335914005
X1176;8;79;WD;2.995125753;0.852296561;2.238345225;4.869599078;0.557553916;0.436308313
X1180;1;36;WW;2.588354111;1.072150629;2.263772868;2.357433948;0.909115071;0.487347364
X1180;2;36;WD;3.594577299;1.959530315;2.318922519;2.51355466;0.992601562;0.621489997
X1180;7;3;WW;4.536939151;1.728714849;2.157620067;4.659007043;0.711973445;1.211565676
X1180;8;3;WD;4.339181643;1.548752714;2.014481735;4.334447742;0.699738114;1.022565566
X1186;1;37;WW;2.677384138;1.07756912;2.210511832;4.577699941;0.563023295;0.199429898
X1186;2;37;WD;2.261518037;0.826186557;2.357598198;4.598291384;0.555569781;0.218464238
X1186;9;90;WW;2.027853936;0.638287191;2.337789433;4.038569561;0.629891381;0.439312523
X1186;10;90;WD;1.075878086;0.428067309;1.802441607;2.45679696;0.590009494;0.375915844
X1206;1;38;WW;3.057855686;0.922900909;2.484643294;3.602256853;0.74427033;0.183505448
X1206;2;38;WD;2.842348259;1.012773595;1.975783169;3.897154563;0.608772434;0.394221031
X1206;9;47;WW;2.294584108;1.020137296;2.037923584;3.249023497;0.682497296;0.337174242
X1206;10;47;WD;3.265794636;1.435153707;1.972747152;3.390839867;0.735320171;0.455693146
X1212;2;39;WD;3.598860465;1.412845227;2.333454613;4.195193417;0.694838792;0.56275038
X1212;7;23;WW;2.60738525;1.163785403;2.108446656;2.957429181;0.690658668;0.371037407
X1212;8;23;WD;4.211754235;1.330890685;2.446013048;5.995537744;0.622068511;0.201796645
X1225;2;40;WD;5.789056251;1.742712598;2.181419425;3.478243319;1.000957961;0.87203522
X1225;9;4;WW;4.32888379;1.672312773;2.344441859;3.221476277;0.787504926;0.623412995
X1225;10;4;WD;2.662215702;1.320957378;2.216120869;2.675488541;0.772952043;0.681337489
X1227;7;37;WW;3.118859519;1.325262502;2.074923407;3.003873634;0.673372089;0.511760827
X1227;8;37;WD;3.736170218;1.445731613;2.881198423;3.361931258;0.906790725;0.456672906
X1235;1;42;WW;5.315156902;1.500444497;2.884449547;4.500805163;0.849586436;0.431281474
X1235;2;42;WD;5.025533776;1.874877913;2.591940156;5.862242737;0.655803629;0.613936429
X1235;7;84;WW;4.399530462;1.220060962;2.623309778;3.84683821;0.807567862;0.381950109
X1235;8;84;WD;3.85992759;1.58366448;1.986870688;3.702449061;0.702761763;0.546008525
X1239;9;11;WW;3.461112441;1.605423959;1.742806657;3.560714251;0.763568933;1.028613597
X1269;1;44;WW;1.544925877;0.555327318;2.837461078;3.548737847;0.660892764;0.290352398
X1269;2;44;WD;2.948856019;1.211797646;3.008866692;4.706376186;0.70666049;0.673237386
X1269;7;50;WW;1.869327792;0.488499864;2.769644118;4.01340007;0.652089551;0.208118112
X1269;8;50;WD;1.674608021;0.525565537;2.50691108;3.548976059;0.677311807;0.130668323
X1301;1;45;WW;1.879952312;1.195812726;1.532411808;1.594131858;0.883651413;0.484286301
X1301;5;90;WW;4.148183037;1.936952858;1.503360578;5.251604154;0.661370505;0.330830043
X1301;6;90;WD;2.827372489;1.369457438;2.037585662;3.140293932;0.692899202;0.292236034
X1307;1;46;WW;2.567581254;1.003255459;2.168520688;3.835849179;0.648563025;0.420468645
X1307;2;46;WD;1.556880728;0.945789967;2.281367513;2.169236715;0.771043418;0.316806532
X1307;9;15;WW;1.354363615;0.673587934;1.948944958;1.947293241;0.773843893;0.574028123
X1307;10;15;WD;1.647502167;0.867586876;2.107630376;2.06357095;0.819644625;0.341428512
X1314;1;47;WW;1.714551875;0.824875564;2.142610652;1.840989754;0.878868325;0.228275022
X1314;2;47;WD;2.759648801;1.034053995;2.230771659;2.881148385;0.798903002;0.723962839
X1314;7;8;WW;4.16263943;1.44531093;2.830885977;4.51469334;0.771397614;0.305892758
X1314;8;8;WD;3.493579222;1.022433189;2.538431293;4.119177061;0.731660595;0.216003063
X1344;1;48;WW;4.83719908;1.987125476;2.599680859;1.856378489;1.148358834;0.436171727
X1344;7;5;WW;4.360602365;1.454064905;2.737933151;3.056443761;1.003527207;0.309991797
X1344;8;5;WD;6.073973033;2.665797618;2.11829603;4.475286483;0.896971552;1.510081057
X1363;1;49;WW;0.950078016;0.462320025;2.137265073;1.136284408;0.874282049;0.271034357
X1363;7;33;WW;2.306702305;0.778883896;2.473632015;2.131045847;0.865622776;0.493199891
X1363;8;33;WD;1.148926198;0.431374901;2.344426902;2.238770302;0.722984378;0.19222959
X1552;1;50;WW;3.302352008;1.399492928;2.668264261;3.3447728;0.859296746;0.645535913
X1552;9;33;WW;7.04857812;1.98486571;2.838719464;4.865102339;0.900243315;0.585476283
X1552;10;33;WD;4.113758206;1.477235425;2.195182933;3.684712544;0.689494133;0.686647858
X1556;1;51;WW;4.081855139;2.355632356;2.344423175;2.387944884;0.980965275;0.487822116
X1556;2;51;WD;6.48483755;2.276327524;2.749169015;5.145023487;0.824429682;0.743562595
X1556;7;1;WW;3.851443799;1.71271548;2.070173345;3.49988267;0.812398508;0.733613431
X1556;8;1;WD;2.439879246;1.36517202;2.02253761;2.628839856;0.792509365;0.3802029
X1560;1;52;WW;4.3259353;1.307956281;2.559378253;4.023472885;0.837788053;0.728548645
X1560;2;52;WD;5.57129216;1.509740858;2.789810981;7.183384975;0.609808135;0.382184516
X1560;9;85;WW;3.879266989;1.297815729;2.621624554;4.431952461;0.785563718;0.338405969
X1560;10;85;WD;0.865987036;0.458954652;2.044090447;0.739319932;1.142354653;0.411803362
X1618;1;53;WW;2.701283418;1.504873418;1.787929532;2.292833407;0.739989353;0.690402402
X1618;5;52;WW;2.577761201;1.938936759;1.540472008;2.157620559;0.953926579;0.73610758
X1618;6;52;WD;1.9478848;2.017053882;1.62709945;0.917948554;1.135632212;1.063698451
X1646;1;54;WW;1.673988607;1.151327858;2.380294479;1.835762114;0.779566982;0.278091317
X1646;2;54;WD;2.228333283;1.019798215;2.28392134;2.885604298;0.751283798;0.444209241
X1646;5;75;WW;1.610323411;0.655989413;2.279102606;2.934607217;0.691162259;0.636921392
X1646;6;75;WD;1.953236682;1.035625671;1.997790235;3.820975016;0.573118718;0.359088896
X1682;1;55;WW;4.840231627;1.385079571;2.811733739;4.034786284;0.879176781;0.477592703
X1682;2;55;WD;5.034464823;2.144023019;3.149624967;4.285145138;0.887381496;0.653799446
X1682;9;29;WW;3.326180314;1.010240607;2.81211545;2.629226497;0.999607252;0.582383916
X1682;10;29;WD;5.587505206;1.967855822;2.874287488;3.672198765;0.958378949;0.952466095
X1705;1;56;WW;3.680265892;1.063051962;2.596450562;4.879741438;0.707614983;0.291291391
X1705;2;56;WD;5.369252492;1.50355235;2.309327684;9.321930574;0.490054587;0.397070919
X1705;7;21;WW;4.333647393;1.625775929;2.284643807;5.223643954;0.657374815;1.165161327
X1705;8;21;WD;3.984403681;1.354773319;2.28058953;6.121912919;0.606181725;0.953372865
X1846;1;57;WW;1.848263414;0.506270598;2.660432688;4.641308536;0.565137434;0.197940021
X1846;2;57;WD;3.471315075;1.426152344;2.821581634;5.537769833;0.604603222;0.224829807
X1846;7;47;WW;4.090118845;2.142063795;2.678877841;5.924891725;0.62982497;0.576049216
X1846;8;47;WD;1.776812692;0.566401075;2.423555171;3.999147222;0.596630523;0.24000494
X1853;1;59;WW;3.482003819;1.183116292;2.688978304;3.767967633;0.796302887;0.49789621
X1853;2;59;WD;1.200338981;0.36646386;1.878674803;2.907820952;0.544704138;0.208790713
X1853;5;58;WW;3.902824575;1.259746856;2.402110499;2.834438719;0.813997459;0.540844943
X1853;6;58;WD;1.497962015;0.823349813;1.554014745;1.615605096;0.469999171;0.784648077
X1894;1;58;WW;2.130210414;0.568635543;2.618726595;4.56936553;0.58272198;0.165146975
X1894;2;58;WD;2.887334374;0.875144617;2.272395247;5.767679104;0.509819729;0.170393443
X1894;7;95;WW;3.242605856;1.267279494;1.944918216;4.927058548;0.610677934;0.570027244
X1894;8;95;WD;1.634809783;0.744258281;1.890698589;3.32943675;0.550369105;0.1542433
X1960;2;60;WD;2.010237283;0.500241983;2.682843532;4.778478371;0.585769358;0.410861307
X1960;5;88;WW;2.286108369;1.262869322;2.318769886;4.000505891;0.579959881;0.235092926
X1960;6;88;WD;1.301287886;0.413116626;2.345287996;2.913851466;0.640971294;0.257974772
X1982;1;61;WW;2.4462628;1.580372291;2.33402696;3.534002387;0.698454028;0.383427663
X1982;2;61;WD;3.093977508;1.598420814;1.983873345;5.040719966;0.52207574;0.539823206
X1982;9;37;WW;3.341943271;1.479968359;2.044838457;4.788830655;0.572343541;0.460341822
X1982;10;37;WD;4.82245343;1.644250198;2.266156669;5.576002213;0.659973898;0.654271144
X2104;1;62;WW;1.608403197;0.510883453;2.43423573;3.886079566;0.590327743;0.215957747
X2104;2;62;WD;2.028445489;0.67340298;2.204234986;4.570974119;0.522871363;0.208998469
X2104;7;16;WW;2.037994661;0.561814931;2.241496595;3.965229971;0.670654418;0.163579643
X2104;8;16;WD;1.531689174;0.63830669;2.109639656;2.293552548;0.845026894;0.310261854
X2302;1;63;WW;1.849617819;0.804046291;2.668061949;2.591019231;0.786407886;0.142729558
X2302;2;63;WD;3.193908052;0.934134389;2.338167817;3.963784914;0.651901447;0.459091131
X2302;7;27;WW;2.699482411;0.93959102;2.346155004;3.103231277;0.758452301;0.796510546
X2302;8;27;WD;3.304191493;1.203626703;2.4492598;3.568306978;0.761302935;0.695294346
X2313;2;64;WD;1.574580451;0.655476168;1.788470157;3.195810305;0.526255279;0.108443317
X2313;9;68;WW;0.90345996;0.457088864;1.729661698;1.541157738;0.60283458;0.424156534
X2313;10;68;WD;1.164140742;0.619986296;1.624252472;1.448906606;0.582667504;0.374683233
X2316;1;65;WW;3.21566496;1.038011884;2.453300364;5.057616762;0.63299616;0.306333487
X2316;7;25;WW;2.344708192;0.87421961;2.225568494;4.205179619;0.620888588;0.35336809
X2316;8;25;WD;1.8774231;0.703974114;2.197750468;3.371349136;0.625809259;0.441347388
X2317;1;66;WW;0.941466274;0.895571472;1.485585215;1.451687227;0.765647812;0.420183553
X2317;2;66;WD;1.374593107;0.777575407;1.739669948;2.212241818;0.679190607;0.234233409
X2317;9;76;WW;1.722621164;0.872328551;1.521956849;2.575482624;0.645690709;0.376682698
X2317;10;76;WD;1.021017263;0.755877756;1.434571994;1.804652204;0.722328926;0.154739992
X2318;1;67;WW;1.999815713;1.005199061;1.889701616;1.645053667;0.856188656;0.308037693
X2318;2;67;WD;2.993164724;1.011569053;2.354297754;4.198454116;0.6612305;0.411478569
X2318;7;20;WW;2.449585658;1.095268242;1.656832132;2.870748917;0.721577415;0.219855003
X2318;8;20;WD;2.939572896;1.294366621;1.842297494;2.882158625;0.794936022;0.524209499
X2320;1;68;WW;2.999224961;1.163529525;2.750685595;4.849041607;0.639015129;0.337831061
X2320;2;68;WD;1.970961128;0.527897878;2.779917631;3.943895842;0.671059278;0.56904353
X2320;7;26;WW;2.629828439;1.025908004;2.485224504;4.257080772;0.677254612;0.626676657
X2320;8;26;WD;2.624720987;0.618483847;2.712647374;4.862936936;0.637666397;0.268710208
X2323;1;69;WW;1.791243175;0.79924947;2.459092379;3.196436229;0.772926488;0.394290948
X2323;2;69;WD;1.804368388;0.672505678;2.551987927;4.246969524;0.618841178;0.528408124
X2323;9;66;WW;2.232487907;0.786563405;2.506103306;3.404303895;0.769054133;0.307337752
X2323;10;66;WD;1.86243514;0.723160866;2.45338892;3.743821969;0.675465526;0.38444021
X2327;1;70;WW;2.251530378;1.110725426;2.346326008;1.890560448;1.077151245;0.259707226
X2327;2;70;WD;1.340358445;0.466464048;2.203745001;2.075459669;0.794235494;0.232856133
X2327;7;56;WW;2.239487994;0.811930157;2.266009313;2.843192628;0.834056808;0.371753931
X2327;8;56;WD;1.620156154;0.79779353;1.880565697;2.591856305;0.732146947;0.299550844
X2361;1;71;WW;2.638591132;0.905201276;2.567164654;3.333211921;0.821246204;0.229045944
X2361;2;71;WD;2.814272378;1.1058067;2.63827949;4.159431728;0.721056691;0.252432087
X2361;7;6;WW;4.08319345;1.396829519;2.780353994;4.251284143;0.844170925;0.350483232
X2361;8;6;WD;3.013761908;1.219409739;2.62025409;3.659924075;0.790907826;0.333665941
X2428;1;72;WW;3.909800456;1.181686023;2.671184681;4.114074852;0.72715932;0.340763236
X2428;2;72;WD;3.019872563;0.99440023;2.557651523;4.992813453;0.56908247;0.377705786
X2428;9;26;WW;2.162659634;1.059067382;1.869112735;3.224137625;0.697284827;0.376808079
X2428;10;26;WD;2.632980022;1.340154496;2.311924758;2.440146725;0.878748268;0.661923802
X2430;1;73;WW;5.657947291;2.832342601;2.467503069;1.679246686;1.307797943;0.401769874
X2430;2;73;WD;2.586980005;1.061682282;2.153587214;2.918792734;0.764968161;0.367489585
X2430;7;81;WW;2.989891496;1.408069257;2.289414214;1.16638403;1.418450538;0.943859978
X2430;8;81;WD;3.381512361;1.564603236;2.144829328;2.030924666;1.069110351;0.528042083
X2621;1;74;WW;2.035117842;1.84071714;1.914149939;3.884614339;0.533989647;0.274578542
X2621;2;74;WD;2.139906912;0.852961153;1.835818622;3.896110877;0.543158874;0.385487262
X2621;5;73;WW;1.920337617;0.910997492;1.925007672;2.871539012;0.573408626;0.437617579
X2621;6;73;WD;2.009933912;0.713032683;1.774366782;3.863117318;0.439420838;0.334822344
X2640;1;75;WW;2.579516364;0.644463784;2.79287665;4.089356974;0.746002544;0.474246167
X2640;2;75;WD;1.99997259;0.741488826;2.261638731;3.458221159;0.684408765;0.339089298
X2640;7;86;WW;2.292316534;0.717633856;2.561712809;3.518668526;0.728445054;0.279147622
X2640;8;86;WD;4.137438656;1.578830823;2.494681392;5.39634076;0.712645651;0.422325057
X2646;1;76;WW;2.402663031;1.130197325;2.333068897;2.445971201;0.888008437;0.49499191
X2646;2;76;WD;1.6541844;1.057040776;1.587341359;1.570369229;0.823286825;0.371291892
X2646;9;69;WW;3.502767462;1.63750062;2.007418294;4.954074784;0.611396043;0.256343648
X2646;10;69;WD;3.744349119;2.091254217;1.581790615;3.870358227;0.789669383;0.683500209
X2698;1;77;WW;3.617898829;0.977000307;2.624022783;7.228589561;0.526154885;0.392663601
X2698;2;77;WD;2.395137381;1.168529942;2.109357275;3.951237612;0.549872368;0.235165258
X2698;9;92;WW;1.608777897;0.44860293;2.291101044;3.546136595;0.615247535;0.284200576
X2698;10;92;WD;1.978851108;0.837283903;1.719559581;3.413897759;0.493183161;0.449591878
X2775;1;78;WW;5.031271367;2.372811304;2.224560976;4.431731066;0.820340303;0.562876207
X2775;2;78;WD;5.084127775;1.922406379;2.360394265;5.211877491;0.681703138;0.601129537
X2775;9;87;WW;4.080516879;1.869341072;2.283648947;3.693200856;0.784064416;0.509412862
X2775;10;87;WD;3.849806121;2.808167386;1.857022408;2.260326383;0.948593194;0.806327754
X2783;1;79;WW;7.531236364;2.88084859;2.364889571;4.061822983;1.08370418;0.995127037
X2783;2;79;WD;1.961907392;1.30652253;1.674309162;2.414484847;0.709078589;0.623008956
X2783;5;77;WW;2.626204337;1.527945357;2.098334688;2.81336186;0.708533415;0.50000331
X2783;6;77;WD;4.242853998;1.196660023;2.399291956;5.045634959;0.667004098;0.697651085
X2949;1;80;WW;3.456605873;1.013247365;3.081416323;4.851734046;0.781499014;0.285432077
X2949;2;80;WD;3.195024315;0.764136484;2.947458767;4.72826611;0.749084867;0.291261767
X2949;9;20;WW;2.997023179;1.318057368;2.946378479;3.037279535;0.880114661;0.667393741
X2949;10;20;WD;2.907046503;1.11704453;2.454947996;3.88587244;0.757646467;0.260171997
X2953;1;81;WW;1.699113108;0.480316158;2.847499133;3.541163333;0.705792123;0.41698544
X2953;2;81;WD;0.987987087;0.389248596;2.165040481;2.175174322;0.779681991;0.316405771
X2953;7;76;WW;1.350977275;0.397558836;2.899323238;2.78429219;0.786606332;0.127669166
X2953;8;76;WD;1.692184875;0.490409985;2.332460073;3.966971635;0.6311256;0.328063328
X2998;1;82;WW;2.563508391;0.877950667;2.57914573;2.211504573;0.888414374;0.324858548
X2998;2;82;WD;1.527883151;0.980063794;2.16307575;1.434075489;0.972029488;0.525402362
X2998;9;55;WW;2.562025244;1.390713156;1.928916338;1.889898972;0.930587313;0.669947344
X2998;10;55;WD;1.023167673;0.521281977;1.91024138;1.803458255;0.750251311;0.1775754
X4004;1;83;WW;2.146128412;2.185060631;1.320670285;1.411068563;0.933301962;0.326682329
X4004;2;83;WD;4.421705045;1.677069097;2.626700654;4.153274194;0.772998953;0.491803019
X4004;7;17;WW;4.251483087;1.632643953;2.216368883;5.04157296;0.650224459;0.220097202
X4004;8;17;WD;5.556613629;1.76760873;2.110744768;3.90035142;0.828731055;1.019375468
X4442;1;84;WW;4.862005308;2.382783271;2.14316279;4.698090128;0.671152222;0.881480292
X4442;2;84;WD;3.577077445;1.380203503;1.91749106;4.897865144;0.627341972;0.346676496
X4442;7;10;WW;4.631233642;1.627212282;2.211584047;3.020749103;0.976407514;1.024733006
X4442;8;10;WD;3.361523567;1.417425634;1.938653445;3.380027903;0.760291561;0.379012654
X4616;1;85;WW;1.789129459;0.821240002;2.086201585;2.178199231;0.833637235;0.363067987
X4616;2;85;WD;2.113683383;0.854623935;2.256949244;3.262995022;0.699916925;0.190786884
X4616;5;93;WW;1.886177683;0.66248694;2.467371052;1.908052491;0.85336024;0.316638182
X4616;6;93;WD;2.91805744;1.297500155;2.417294472;2.9746531;0.769099492;0.617172872
X4664;1;86;WW;4.769979167;1.668788262;2.816432518;2.793593767;1.159835191;1.023597782
X4664;2;86;WD;3.23845812;0.922781338;2.447796779;4.17856079;0.735398783;0.384466968
X4664;9;57;WW;2.029253436;0.976048214;1.835922431;2.708568813;0.651155741;0.248058065
X4664;10;57;WD;4.555171126;1.506224009;2.032387173;5.031126106;0.674858447;0.841851023
X4681;1;87;WW;2.885307361;1.509343609;1.786594541;2.040398783;0.875422828;0.289577021
X4681;2;87;WD;2.721970893;1.15293059;1.717231502;3.488545065;0.571398669;0.281105789
X4681;9;13;WW;2.713299428;1.293323258;1.863297974;2.045745677;0.751487562;0.40160507
X4681;10;13;WD;1.975460691;1.772515165;1.726744835;1.636485587;0.723634423;0.829343638
X4874;1;88;WW;2.695074107;1.400058689;2.61010501;3.015024525;0.781572994;0.534482129
X4874;2;88;WD;5.657791906;1.450509089;2.471373919;4.319994321;0.798883284;0.595209258
X4874;7;69;WW;6.351315508;2.118649417;2.724730665;4.031783509;0.953795047;0.509172512
X4874;8;69;WD;6.240492797;2.201489033;2.516215125;4.947455169;0.804705105;0.668322853
X4898;1;89;WW;3.211338879;1.023698031;2.457885356;5.299432377;0.62281721;0.3370112
X4898;2;89;WD;3.29797455;1.39614425;2.250411055;3.375158058;0.770013338;1.200982038
X4898;7;31;WW;3.314970082;1.136602779;2.368767138;5.356816065;0.640138685;0.266022997
X4898;8;31;WD;3.747676739;1.565152291;2.255315833;5.392007017;0.648312325;0.481559301
X4915;1;90;WW;2.059012791;1.034301706;1.900886202;2.8097533;0.764816739;0.507350816
X4915;2;90;WD;3.583324749;1.064220876;2.164875111;4.833209253;0.638724895;0.452684339
X4915;7;14;WW;5.746217887;1.641024322;2.177299787;9.487560544;0.509855348;0.726578179
X4915;8;14;WD;3.817998533;1.294520777;2.009639519;6.64192313;0.511861697;0.456380396
X4975;1;91;WW;2.290687369;0.877067153;2.326297109;2.612080174;0.862643517;0.56206531
X4975;2;91;WD;1.190060411;0.932722451;1.809646401;1.725596985;0.705144936;0.14965964
X4975;9;91;WW;1.601396005;0.627426609;2.117887324;2.33217809;0.797815708;0.315479013
X4975;10;91;WD;3.487302978;1.433813049;2.293287773;4.013326931;0.720736763;0.288651092
X6171;1;92;WW;2.563318625;1.083829589;2.197923965;3.067330354;0.766290727;0.931611271
X6171;2;92;WD;4.01997822;1.194665544;2.278107168;6.068352423;0.566197554;0.565198217
X6171;9;74;WW;4.530144318;1.607187373;2.460004141;5.530079843;0.678322829;0.426796491
X6171;10;74;WD;1.972861327;1.016791426;1.970561106;3.106319103;0.62118827;0.424369739
X6172;1;93;WW;1.736784715;0.902948664;1.96818028;1.421754155;0.906335716;0.73358025
X6172;2;93;WD;4.86689552;1.419381673;2.834847019;3.522634757;0.949525012;0.308220901
X6172;5;59;WW;2.822867013;1.091981749;2.017045641;2.991058122;0.731259299;0.722912667
X6172;6;59;WD;4.168699062;1.683621361;2.157244546;3.467622366;0.797482802;0.440416698
X6194;1;94;WW;2.971138757;1.009200668;2.344629367;2.312054542;1.019221861;0.753992722
X6194;2;94;WD;4.101609596;1.604808817;2.786456756;3.57050884;0.879778727;0.610906013
X6194;7;88;WW;4.187984079;1.679390102;2.548497978;5.086304045;0.697865644;0.644004175
X6194;8;88;WD;4.078539083;1.207500059;2.237092136;5.241206389;0.616307349;0.423432612
X6206;10;59;WD;4.369654078;2.375510868;2.074000652;2.673673259;0.99349234;0.885461276
X6208;1;96;WW;0.936259773;0.653930004;1.544534289;1.810098241;0.672422336;0.234465131
X6208;2;96;WD;3.698965293;1.570911844;1.805298812;6.183024501;0.512198529;0.278579759
X6208;5;51;WW;3.05053151;0.932187101;2.011282596;4.777647585;0.613353091;0.6817259
X6208;6;51;WD;3.064085291;1.424445072;1.959593519;4.123898412;0.652622863;0.156225649
X6354;9;79;WW;2.546216357;0.740027651;2.33679282;3.230507294;0.705876558;0.307895373
X6354;10;79;WD;2.354237237;1.255980486;1.598838048;2.093581946;0.736851089;0.347086043
X6468;3;1;WW;2.208720229;1.663350409;1.548610574;2.620999515;0.742805568;0.330626949
X6468;4;1;WD;3.07072681;1.580280009;1.949316364;3.358816289;0.754941856;0.544932515
X6468;9;84;WW;3.740523239;1.716868397;2.198632253;4.991998832;0.665743195;0.733858017
X6468;10;84;WD;5.388270459;2.099308807;2.277961619;4.453970783;0.785570849;0.639427992
X6471;3;2;WW;1.27769226;0.770878068;1.294514633;1.488500756;0.602644273;0.289187119
X6471;4;2;WD;1.872029578;0.99212243;1.628229605;2.633084451;0.535587111;0.729887331
X6471;9;88;WW;2.407613451;1.345571274;1.73110083;2.659552545;0.639521998;0.441490699
X6471;10;88;WD;1.340548072;1.054933736;1.511027672;1.394444401;0.603211617;0.265776018
X6518;3;3;WW;3.848710514;2.102930204;1.615920713;2.676479075;0.824356627;0.47951932
X6518;4;3;WD;3.782901916;2.252577057;1.432624228;1.916297145;1.077066801;0.58655831
X6518;7;89;WW;1.021957291;0.72728461;2.076247069;0.865330091;0.933219924;0.561326945
X6518;8;89;WD;2.486666665;1.766312894;1.333967681;1.966911244;0.798912331;0.449194946
X6905;3;4;WW;4.719315982;1.437152501;2.401603861;5.949686746;0.614110616;0.458035963
X6905;4;4;WD;3.010537049;1.340521842;1.603758902;2.445235278;0.825943284;0.862041947
X6905;9;46;WW;4.25496439;1.431312468;2.400157635;4.111987067;0.821275243;0.319351562
X6917;3;5;WW;7.900746468;2.719089665;2.520156615;5.998967554;0.841517359;0.692778578
X6917;4;5;WD;4.001258355;1.720243351;1.992387937;4.360907566;0.759714401;0.85864596
X6917;9;7;WW;6.016612506;2.609694504;2.168187056;4.02863414;0.85996649;0.831435008
X6917;10;7;WD;3.576055705;1.657172937;1.909732028;3.720650234;0.676030281;0.713676759
X6918;3;6;WW;4.311158242;1.454775366;2.528225083;3.703976578;0.834982226;0.468602714
X6918;4;6;WD;4.30853947;1.45909962;2.57904209;4.054383068;0.856755487;0.403386534
X6918;7;64;WW;3.637064609;1.510791729;2.701028876;3.628171402;0.907376181;0.49353772
X6918;8;64;WD;3.746635095;1.658909515;2.483961785;3.066230883;0.829942945;0.61463691
X6920;3;7;WW;3.541443416;1.320523866;2.214165236;5.333902046;0.522578912;0.340488449
X6920;4;7;WD;5.326078778;1.773451809;2.330025449;3.884089044;0.849838973;0.835834009
X6920;5;78;WW;2.583042727;1.152571172;2.076192854;2.993337956;0.674773111;0.337011279
X6920;6;78;WD;2.455662111;1.065801971;2.23893101;3.508167791;0.577198901;0.394696137
X7195;3;8;WW;5.648456155;2.627095702;2.081442973;5.15226183;0.732252225;0.584964142
X7195;4;8;WD;4.896484819;1.97277987;2.43514412;4.562112956;0.772439738;0.440553114
X7195;9;56;WW;4.713418373;1.643651439;2.433040307;5.007722594;0.778083257;0.567813058
X7195;10;56;WD;1.273453733;0.595839597;1.898983298;2.218952304;0.71289418;0.32605322
X7197;3;9;WW;3.250327117;1.109238776;2.13078682;3.787476555;0.66646878;0.281591513
X7197;4;9;WD;1.393971438;0.634652405;2.062717665;2.345848115;0.695555857;0.637814082
X7197;9;54;WW;1.808660107;1.094030623;1.663600126;2.210411299;0.666723312;0.555152589
X7197;10;54;WD;1.14396008;0.908239459;1.748243364;1.312682455;0.785111539;0.566007112
X7199;3;10;WW;3.756101187;1.592055733;2.034739865;4.382930435;0.674530067;0.668311
X7199;4;10;WD;2.7121899;1.140573716;2.230590005;2.900361188;0.852048617;0.459604576
X7199;7;58;WW;2.021030967;0.936530967;1.912206614;1.931346854;0.703371533;0.332385784
X7199;8;58;WD;1.214313171;0.701159634;1.988046783;1.848569334;0.660176359;0.407611654
X7200;3;11;WW;1.565310323;0.973276224;2.184549505;2.270696698;0.755388242;0.496079353
X7200;4;11;WD;1.714519883;1.381007368;1.926753644;1.821009305;0.862043479;0.6390738
X7200;7;90;WW;1.035819363;0.78382305;1.550690832;1.877057647;0.640524157;0.456874016
X7200;8;90;WD;0.900153258;0.598133268;2.101041457;1.223404459;0.880570807;0.449026329
X7203;3;12;WW;7.113223892;2.088807959;2.465263679;9.112483699;0.546788726;0.328882718
X7203;4;12;WD;6.363592195;1.942050137;2.698291105;7.743337317;0.601393592;0.520757173
X7203;9;32;WW;2.390162053;0.815921733;2.368733728;3.154512873;0.705855349;0.413583345
X7203;10;32;WD;4.749131036;2.072651922;1.950442209;4.992100859;0.669043255;0.506661209
X7204;3;13;WW;3.534904955;1.537103312;2.298019484;2.329049439;0.728958704;0.495336882
X7204;4;13;WD;3.863854764;1.681806734;2.249249913;2.645365455;0.872458859;0.40932468
X7204;5;81;WW;2.98135687;1.619630739;2.30780078;3.420335889;0.760666625;0.763623031
X7204;6;81;WD;1.525808767;0.816532092;1.845141819;2.093445282;0.653919758;0.53576229
X7358;3;14;WW;5.497332542;1.739552479;2.346147388;6.16670113;0.682824557;0.565971795
X7358;4;14;WD;5.922827096;2.431000069;2.557437709;4.492047932;0.837931697;0.509361458
X7358;5;91;WW;6.895083145;2.880650971;2.326512265;4.639525261;0.90333985;0.362136374
X7358;6;91;WD;5.444357239;3.057455251;2.435103214;5.166574752;0.756398611;0.347101525
X7759;3;15;WW;3.43217595;1.029170613;2.150249281;5.378823474;0.64490075;0.344945353
X7759;4;15;WD;2.967999611;1.445365439;1.960490892;3.999883742;0.70198865;0.300901631
X7759;9;65;WW;3.174008266;1.030069141;2.155676527;3.514704563;0.823147452;0.288498305
X7759;10;65;WD;1.995215136;0.815567656;2.004225126;2.977710819;0.746477435;0.328193926
X8199;3;16;WW;3.285005897;2.225685225;2.196312953;3.078874973;0.93732798;0.795200749
X8199;4;16;WD;1.390187843;0.833933668;2.333306775;2.18793933;0.855617018;0.330624742
X8199;9;39;WW;1.422456427;0.806518236;1.942901285;1.216663041;0.830690628;0.240975824
X8200;3;17;WW;2.51884466;0.828311505;2.085170378;2.819218689;0.726975986;0.4580653
X8200;4;17;WD;2.112300926;1.018285023;2.272276801;1.388390873;1.053965536;0.266347976
X8200;9;16;WW;3.371067211;1.480470149;2.580095565;2.95526754;0.911545296;0.622656855
X8200;10;16;WD;1.592742167;1.094422368;1.90111331;1.963798123;0.808324552;0.285270095
X8201;3;18;WW;2.557284281;0.693354088;2.042836607;5.621322915;0.454422666;0.320969018
X8201;4;18;WD;2.703207202;0.925135915;2.413697004;5.87173793;0.498302545;0.363677143
X8201;9;38;WW;1.144896884;0.426863038;2.215572013;2.030409739;0.71176287;0.164358878
X8201;10;38;WD;0.766646223;0.354114797;1.675692882;2.020974669;0.406851256;0.095517271
X8202;3;19;WW;1.961512141;0.925244682;2.414728563;3.38573952;0.66444782;0.398566561
X8202;4;19;WD;2.673017806;1.088853684;2.704837848;3.032047356;0.790022628;0.324157947
X8202;7;71;WW;2.160946206;1.036417385;2.580703255;2.75390745;0.848103622;0.606500231
X8202;8;71;WD;4.425251125;1.32546452;2.808813079;4.345020981;0.819598776;0.554295285
X8203;3;20;WW;2.245000644;0.991627257;1.717098737;2.602747632;0.781399973;0.311397225
X8203;4;20;WD;3.382258824;1.083348659;2.176770194;4.625953293;0.698474606;0.481270957
X8203;7;51;WW;3.365264334;1.375519924;2.413942872;4.517854623;0.71314622;0.178770947
X8203;8;51;WD;4.584558583;1.130518477;2.307334752;6.428458843;0.665078632;0.48866212
X8209;3;21;WW;5.156210313;1.460540475;2.314024968;6.3489872;0.671119547;0.388418819
X8209;4;21;WD;3.34003567;1.314630422;1.737755705;4.840270928;0.631381432;0.901133716
X8209;9;70;WW;3.820092059;1.395072452;2.179503997;4.858610375;0.685171279;0.427528094
X8209;10;70;WD;3.223254854;1.219249998;1.665565555;3.523768256;0.714706305;0.363006368
X8211;3;22;WW;0.846797717;0.508985608;2.710602297;1.339900453;0.980857946;0.249849017
X8211;4;22;WD;1.095371138;0.41300499;2.574090525;1.712555038;0.820567471;0.200067072
X8211;9;58;WW;1.645956501;0.563138495;2.532018661;2.136572075;0.836375894;0.648204829
X8211;10;58;WD;0.928584105;0.502346548;2.028986554;1.196369613;0.715580188;0.593572007
X8212;3;23;WW;2.830500488;1.145654465;1.875226849;4.402264822;0.524415883;0.418076753
X8212;4;23;WD;1.533155716;0.867419783;1.400428181;2.76360294;0.428293879;0.167923321
X8212;7;75;WW;3.44200297;1.234001981;2.314265531;4.99800484;0.654444737;0.462382756
X8212;8;75;WD;2.575681778;1.083860415;1.978381853;4.943831385;0.527410681;0.282717191
X8214;3;24;WW;3.003418532;1.13624204;2.671914452;2.791587157;0.843827839;0.309493227
X8214;4;24;WD;2.884825072;1.17400269;2.232781464;2.679011088;0.805127642;0.50853692
X8214;7;34;WW;1.669968946;0.808387382;2.193192843;1.631139599;0.887233537;0.302273175
X8214;8;34;WD;2.391913299;0.941578158;2.12006803;2.690555616;0.710333492;0.53950191
X8215;3;25;WW;3.85390069;1.784144841;2.104829361;4.782224835;0.638392575;0.39703864
X8215;4;25;WD;3.666396632;1.473833127;2.024245598;3.358208094;0.837068598;0.253177138
X8215;9;8;WW;3.667245444;1.40874823;2.013880895;4.458807394;0.603674362;0.444502571
X8215;10;8;WD;3.716150156;1.524748877;1.901314724;3.140778497;0.682400745;0.314535668
X8218;4;26;WD;4.156389354;1.661449294;2.347025245;5.515138769;0.642756492;0.337781791
X8218;5;80;WW;6.079189172;1.50396966;2.694189928;7.857135573;0.624971295;0.448050923
X8218;6;80;WD;3.428212164;1.211755802;2.531310767;5.078194773;0.625086363;0.769292927
X8220;3;27;WW;2.814179569;0.76904079;2.299256582;5.48361986;0.55300761;0.224397682
X8220;4;27;WD;1.020481767;0.32748539;2.003446805;2.059672248;0.669775534;0.299043959
X8220;9;5;WW;1.744765445;0.901031767;2.430232054;3.048792333;0.737164596;0.432026699
X8220;10;5;WD;0.926616062;0.397690762;1.861503532;2.161114192;0.652621832;0.20119413
X8222;3;28;WW;3.626211006;0.983714821;2.619029259;5.465381036;0.633746612;0.141233317
X8222;4;28;WD;3.204623267;0.877889728;2.596159677;4.778278402;0.650949475;0.303650263
X8222;9;53;WW;2.215598993;0.906495441;2.105747634;3.779325653;0.604158684;0.273481674
X8222;10;53;WD;1.041931803;0.431326806;1.890537869;2.121313025;0.605175779;0.315448603
X8223;3;29;WW;2.431368908;0.812637941;2.411409872;4.519678185;0.581001976;0.559100982
X8223;4;29;WD;3.233870907;0.91345174;2.738657371;5.12828396;0.611775122;0.405597613
X8223;7;30;WW;1.162246343;0.413874745;2.487648418;1.691623201;0.955539177;0.46315892
X8223;8;30;WD;2.169482939;0.664031751;2.353449396;3.793565825;0.656514012;0.315945649
X8224;3;30;WW;5.506482215;1.643298876;2.492882283;4.949158945;0.818688599;0.326274383
X8224;4;30;WD;6.086741059;1.572165062;2.801116776;5.367174975;0.859648139;0.472803274
X8224;7;36;WW;4.564547873;1.551310825;2.795474944;3.96590506;0.961412528;0.658354239
X8224;8;36;WD;3.961481952;1.256547688;2.323609961;3.977432529;0.851804837;0.357703654
X8226;3;31;WW;4.298608266;1.065547527;3.052003049;6.501777892;0.687590508;0.236892158
X8226;4;31;WD;2.404687018;1.419825877;1.952483871;2.777458648;0.754445727;0.640829675
X8226;7;61;WW;3.666188988;1.435446098;2.407931496;4.004548733;0.796523942;0.579185767
X8226;8;61;WD;2.843514736;1.051384887;2.267828156;4.417222256;0.660403613;0.314595241
X8227;4;32;WD;1.45965167;0.670931593;2.05820156;2.414253493;0.674734759;0.22334845
X8227;7;22;WW;3.654890955;1.210219544;2.232836301;3.414875238;0.674172877;0.356738411
X8227;8;22;WD;1.334641599;0.668554643;1.60725532;2.442428148;0.572537398;0.298858111
X8228;3;33;WW;2.2925556;0.854338036;2.562873552;3.732072838;0.651841333;0.400844409
X8228;4;33;WD;1.08026134;0.360101844;2.276519924;2.419551266;0.6637726;0.23414714
X8228;9;31;WW;1.063344647;0.556819495;2.190889772;1.600963958;0.789669619;0.450088606
X8228;10;31;WD;1.498671037;0.61551529;2.126050684;2.249114087;0.764220177;0.228240683
X8229;3;34;WW;1.539787577;0.571194288;2.400063372;2.47041557;0.825609999;0.577802604
X8229;9;41;WW;1.367098717;0.56748918;2.187023451;2.759093543;0.656634315;0.364275543
X8229;10;41;WD;1.940577577;0.712246372;2.106426146;3.07739933;0.647904511;0.564715566
X8232;3;35;WW;2.420562524;0.797918002;2.437120706;3.572291533;0.714561888;0.185505952
X8232;4;35;WD;1.769985919;0.682979059;2.134008002;3.543995693;0.630248878;0.218056423
X8232;9;51;WW;3.181841547;1.508992313;2.412646702;3.436638349;0.80499095;0.449044384
X8232;10;51;WD;2.133667139;1.460764029;1.961419222;3.180793203;0.63871106;0.269854196
X8233;3;36;WW;2.68992672;1.130751679;2.344025048;2.892492693;0.819742386;0.282062369
X8233;4;36;WD;3.157854942;1.720575241;2.155737047;3.210342303;0.741721413;0.535247407
X8233;9;80;WW;4.510057606;1.397431111;2.55763154;4.974257098;0.706845371;0.612327027
X8233;10;80;WD;1.68546459;0.919827225;1.926643498;2.259204497;0.72996557;0.672708838
X8236;3;37;WW;3.879479195;0.929301937;3.207358543;3.158494189;1.023866813;0.354892578
X8236;4;37;WD;5.491581465;1.861990936;3.059190268;3.386362075;1.005400527;0.676545274
X8236;9;72;WW;4.975040484;1.176133792;2.97746772;6.145492557;0.751901674;0.302212878
X8236;10;72;WD;3.707880365;1.781786827;2.987516939;2.430953472;1.085628097;0.45149127
X8237;3;38;WW;2.222864355;1.551561975;2.241849787;2.563141372;0.712137589;0.42898895
X8237;4;38;WD;1.769631273;0.560534225;2.345635882;3.354354753;0.608575651;0.241923742
X8237;7;60;WW;3.28969763;1.165166;2.4213605;6.791964227;0.50592629;0.438620936
X8237;8;60;WD;1.178283309;0.39539279;2.125433334;2.802669349;0.628674123;0.279147467
X8238;3;39;WW;4.766400215;1.251753928;2.571813026;6.255385161;0.631841879;0.199499554
X8238;4;39;WD;3.436498057;0.980323127;2.50692452;4.991496391;0.648265432;0.370128545
X8238;7;43;WW;5.128359554;1.868201458;2.577657836;5.330664509;0.679378923;0.493745596
X8238;8;43;WD;3.51509883;0.844181455;2.794885474;5.951204416;0.600066475;0.53040678
X8239;3;40;WW;4.504661513;2.063018162;2.676085313;3.030684114;1.021790129;0.475666765
X8239;4;40;WD;5.120982461;2.179360075;2.881075754;1.882708935;1.367906945;0.928867384
X8239;7;93;WW;4.048964951;2.033033781;2.618408607;3.017504937;0.948217605;0.588113649
X8239;8;93;WD;3.275342703;1.546072251;2.862248306;1.808082169;1.189763843;0.503600781
X8242;3;41;WW;0.758077812;0.313221152;2.106755178;1.866143706;0.779848933;0.347133473
X8242;4;41;WD;1.563546792;0.742883852;2.111385105;2.801410272;0.681542126;0.320845959
X8242;9;86;WW;1.653593848;0.531342177;2.460539831;3.674334796;0.64728528;0.127625854
X8242;10;86;WD;1.958067196;0.740451759;2.320388038;4.490508781;0.593882127;0.224149737
X8244;3;42;WW;1.366309546;1.137072386;2.248837363;2.630860865;0.714476521;0.117383322
X8244;4;42;WD;0.908754069;0.494202584;2.002572531;1.651312394;0.72710726;0.172996185
X8244;5;55;WW;1.937248289;1.018657672;2.308747537;2.839256953;0.721586003;0.523765722
X8245;3;43;WW;5.510880083;1.363834136;2.460949189;5.343316779;0.731985398;0.588288779
X8245;4;43;WD;2.560439003;1.260863316;1.794457374;1.799360262;0.917750206;0.516010146
X8245;7;57;WW;3.824656175;1.217786838;2.542806275;4.091788143;0.793329532;0.433094078
X8245;8;57;WD;4.149315373;1.226247414;2.318682504;6.069515333;0.626380106;0.3076946
X8246;3;44;WW;2.905253339;0.93248245;2.164028787;5.472957382;0.511955134;0.366288151
X8246;4;44;WD;4.513386842;2.054467619;2.059497435;3.121873097;0.962758475;0.492813029
X8246;7;94;WW;2.484107552;1.454713435;2.091008131;2.332675292;0.826994747;0.5301547
X8246;8;94;WD;4.018784759;1.486029177;2.077547306;3.640514036;0.743755321;0.373907289
X8247;3;45;WW;0.132911848;0.155815727;1.05267666;0.466537726;0.462858106;0.253344651
X8247;4;45;WD;0.447022707;0.357115536;1.468965527;0.54423071;0.741741846;0.315783575
X8247;9;27;WW;0.518370235;0.550168569;1.41319033;0.714177891;0.592175108;0.352140878
X8247;10;27;WD;0.158930867;0.197376959;1.103948176;0.334810539;0.339295878;0.212100789
X8249;3;46;WW;1.47865341;0.738500033;2.385184064;1.671942771;1.052858597;0.25836243
X8249;4;46;WD;1.825265728;0.749157862;2.253505729;2.582020048;0.751375059;0.538717296
X8249;7;46;WW;1.478379658;0.777067075;2.120799769;1.652526629;0.940301663;0.687451447
X8249;8;46;WD;1.503822971;0.764448109;1.707695164;2.384778184;0.690451699;0.257936974
X8250;3;47;WW;2.901697954;1.29056696;2.46840275;4.654825499;0.68022306;0.958877738
X8250;4;47;WD;2.250421756;0.924644694;1.730022428;4.216456178;0.460219792;0.158752399
X8250;5;56;WW;3.024685789;1.15685564;1.736794753;5.432767251;0.512543385;0.383505776
X8250;6;56;WD;4.008445892;1.786087229;2.005873406;7.251641436;0.518505461;0.391064495
X8252;3;48;WW;0.733793275;0.317968085;2.100614576;1.384346835;0.829433909;0.279325638
X8252;4;48;WD;1.57185467;0.753563091;2.122719255;2.739066645;0.633834182;0.242663623
X8252;5;68;WW;2.159656219;1.042201226;2.213990818;3.324972303;0.669452097;0.303043541
X8252;6;68;WD;2.622394606;0.959326512;2.309366802;3.792144664;0.662902662;0.538211962
X8256;3;49;WW;1.572120572;0.58328726;2.454737167;3.493114424;0.667238291;0.605655311
X8256;4;49;WD;1.933250384;0.797152401;2.50952755;2.841179882;0.823121583;0.561751161
X8256;7;83;WW;1.370194065;0.51240888;2.031552339;2.459389782;0.612106802;0.123538985
X8256;8;83;WD;2.7236369;1.162433042;2.226681716;3.617870166;0.693067107;0.318015321
X8380;3;50;WW;1.072438251;0.411877469;1.923757792;2.157906256;0.702833824;0.268787401
X8380;4;50;WD;2.55187603;0.798681685;2.392934963;3.71137834;0.739697749;0.340015524
X8380;5;67;WW;3.007895385;0.947129357;2.538405423;4.5457848;0.699330072;0.287549711
X8380;6;67;WD;2.617955983;1.477806835;2.04508307;3.747660143;0.606706515;0.276017189
X8381;3;51;WW;3.069632321;1.497556049;2.762727614;3.240582147;0.894588522;0.441047285
X8381;4;51;WD;1.444420357;0.653234663;2.120328826;1.495381256;0.996330435;0.589872241
X8381;9;52;WW;2.060214529;0.880432924;1.988495241;1.426588858;1.003694257;0.529808026
X8381;10;52;WD;2.140294023;0.820661965;2.318511171;1.999840992;0.885688365;0.365683405
X8383;3;52;WW;1.41236717;0.407793463;2.519907898;3.059403892;0.708091022;0.332048804
X8383;4;52;WD;1.29206478;0.485286908;2.192079163;2.921181393;0.629008949;0.144728032
X8383;9;63;WW;1.334449147;0.435476048;2.453554634;2.437553821;0.759337145;0.271154253
X8383;10;63;WD;0.783552468;0.265993365;2.097584536;1.811127386;0.686631228;0.340853855
X8386;3;53;WW;2.128024789;1.038228782;1.806297598;2.179730112;0.7900376;0.257468148
X8386;4;53;WD;2.691281256;1.526896798;1.700697622;3.038242921;0.788647882;0.502396685
X8386;9;2;WW;0.438973356;0.347650398;1.689175633;0.512671476;0.840356818;0.31842818
X8386;10;2;WD;2.165970879;2.198148004;1.288988305;1.681418144;0.916064424;0.411914846
X8388;3;54;WW;2.409166735;1.183145991;2.044162769;2.447447548;0.794323431;0.673502389
X8388;4;54;WD;2.236739803;0.86271815;2.121046105;2.241478388;0.819669067;0.389661293
X8388;7;74;WW;1.87861005;1.004237108;2.184943033;2.011191904;0.821108598;0.857281582
X8388;8;74;WD;1.268627466;0.842552736;1.30892157;1.900939544;0.547005339;0.602703431
X8389;3;55;WW;2.337670958;1.002879243;1.886936351;4.006416704;0.631605593;0.548505178
X8389;4;55;WD;1.691615764;0.794051848;1.739577441;2.431669314;0.713653561;0.491485478
X8389;7;96;WW;2.499818532;1.061651082;2.03632716;3.734285782;0.668962368;0.400456407
X8389;8;96;WD;1.767882019;0.851267048;1.606339423;3.903440084;0.489307417;0.27838284
X8390;3;56;WW;1.120547257;0.45377571;2.239339296;2.394175487;0.734640935;0.524355695
X8390;9;42;WW;2.628739195;1.12650256;1.988894868;4.834192908;0.555861471;0.327715472
X8390;10;42;WD;1.258381513;0.576656182;1.695238458;2.277021654;0.538954728;0.236405401
X8392;3;57;WW;1.922302769;1.592215953;1.977897463;2.986169724;0.606852744;0.519493487
X8392;4;57;WD;2.692046959;1.013936389;2.319427509;2.44603648;0.817434746;0.796371001
X8392;7;35;WW;3.041888508;1.152553976;2.032806303;2.479875081;0.811621044;0.440889843
X8392;8;35;WD;2.588155352;1.053771961;1.972448201;2.774828369;0.75965961;0.616751066
X8396;3;58;WW;3.719935449;0.917147796;3.067574527;5.593781003;0.690728119;0.532808204
X8396;4;58;WD;3.229925184;1.144286305;2.490406488;3.466229518;0.81409079;0.471336561
X8396;9;21;WW;2.013192207;0.824010222;2.393041725;2.775495848;0.817583872;0.17551916
X8396;10;21;WD;2.018506704;0.846921947;2.053939549;2.631829256;0.788476198;0.242693683
X8398;3;59;WW;2.577747449;0.76777038;2.429245851;4.050633831;0.65383013;0.380727099
X8398;4;59;WD;2.730415793;1.211406177;2.033385244;3.354174231;0.635467022;0.609172775
X8398;7;2;WW;2.774260657;2.143640952;1.570855115;2.022264301;0.991996156;0.851637063
X8404;4;60;WD;1.426958395;0.834231134;1.850563634;2.798667744;0.619169361;0.290506757
X8404;7;9;WW;2.090232412;1.041988937;1.759356607;3.039876287;0.606831084;0.712872332
X8404;8;9;WD;2.274077719;1.000734251;1.859171792;2.499924842;0.682546652;0.379363889
X8405;3;61;WW;5.990139535;2.654725952;2.090482313;4.479773328;0.819356857;0.422228436
X8405;4;61;WD;4.506969824;1.77744667;2.08150453;5.448847404;0.656242146;0.818585581
X8405;9;30;WW;7.184194071;2.702816446;2.267114152;5.507310827;0.866861144;0.935636121
X8405;10;30;WD;7.204954111;2.50805127;2.477996857;5.352818588;0.835462775;0.688041686
X8407;3;62;WW;5.05058115;1.826646401;2.214952773;5.312344233;0.692769961;0.37039395
X8407;4;62;WD;5.587570344;1.919138884;2.561738596;5.626954535;0.72477382;0.333691966
X8407;9;36;WW;6.402194163;2.074841192;2.424410289;4.001775018;1.05563442;0.448890079
X8407;10;36;WD;3.856857473;1.598105173;2.174673084;3.975495306;0.764704147;0.634747629
X8409;3;63;WW;3.972924563;1.547228958;3.063845848;3.386179109;0.891072297;0.460031029
X8409;4;63;WD;2.38596175;0.835737367;2.651176901;2.710548417;0.770598407;0.355818922
X8409;7;92;WW;3.288667218;1.573796295;3.155426449;1.392756091;1.36205198;0.650292901
X8409;8;92;WD;3.303531434;1.353733862;2.324400285;4.307551759;0.663294097;0.284336898
X8411;3;64;WW;3.432933318;0.973858337;2.393864882;6.405000175;0.51099321;0.304696878
X8411;4;64;WD;1.562167068;0.704039357;1.88780003;2.3121442;0.646628833;0.405593306
X8411;9;10;WW;3.707731481;1.26844932;2.32925396;5.070508172;0.642248514;0.659546399
X8411;10;10;WD;2.635132598;1.161138906;2.234399913;4.708780652;0.535619869;0.491984191
X8412;3;65;WW;1.786925384;0.413573814;2.862645694;3.670381768;0.741045932;0.131242602
X8412;4;65;WD;1.50156995;0.554136476;2.695303968;3.803240849;0.661449632;0.247819339
X8412;7;72;WW;3.961131196;2.118650194;2.874997261;4.705858202;0.709359625;0.462447269
X8412;8;72;WD;2.340151048;0.820100466;2.32381897;2.84770796;0.760972118;0.345208882
X8414;3;66;WW;3.055472035;1.411847378;2.702362912;2.590767013;1.023456059;0.321823387
X8414;4;66;WD;2.485270778;1.008923495;2.768355247;3.216319664;0.827821967;0.257677776
X8414;9;95;WW;3.350227732;1.561663359;2.30276386;3.00234582;0.848191981;0.533077762
X8414;10;95;WD;1.684396663;0.528427787;2.527224766;2.178696053;0.936144456;0.197281846
X8415;3;67;WW;4.08292867;1.051008507;2.238130478;4.626941927;0.674934289;1.019282475
X8415;4;67;WD;4.054529706;1.562279886;2.169909942;3.133590101;0.862562225;0.778430455
X8415;7;4;WW;5.528540544;2.318287517;2.348413191;5.864722415;0.726827155;0.634726194
X8415;8;4;WD;3.867477518;1.368901838;1.79255561;3.999362778;0.654762541;0.835633234
X8416;3;68;WW;3.785078119;1.235126194;2.260980362;4.59068583;0.634226099;0.462788058
X8416;4;68;WD;2.64466514;1.346189569;2.112188037;4.780147297;0.5574639;0.361897159
X8416;9;97;WW;2.914757245;1.21442992;1.977979287;3.173869134;0.659028702;0.571473868
X8416;10;97;WD;1.961565601;1.030424405;1.435723267;3.436651202;0.475761499;0.767763639
X8607;3;69;WW;4.762373313;1.712091711;2.502102599;6.196535936;0.657972666;0.814075458
X8607;4;69;WD;2.305251728;0.964437618;2.121774192;4.396102154;0.60023872;0.790892371
X8607;9;73;WW;3.290304757;1.259118595;2.464235487;5.07032049;0.598720041;0.500077998
X8607;10;73;WD;2.256063617;1.052229931;2.515982994;3.058143804;0.72082834;0.555811155
X8690;4;70;WD;1.43016881;0.668027273;1.803618001;3.206244392;0.541327345;0.225781516
X8690;7;78;WW;1.000686944;0.339623329;1.973192648;1.896886035;0.623248444;0.293917986
X8690;8;78;WD;1.98328403;0.738320751;2.023756666;4.050051657;0.506998441;0.398129135
X8691;3;71;WW;0.983232378;0.658541024;1.746242543;1.131549409;0.811554077;0.533657249
X8691;4;71;WD;1.540094773;0.747506484;2.191084958;2.370695515;0.744961113;0.769653291
X8691;5;66;WW;2.871659545;0.910984902;2.445664164;3.157926521;0.844251298;0.253857309
X8691;6;66;WD;2.12662552;1.725083229;2.33098918;2.383173418;0.850887881;0.532498534
X8692;3;72;WW;1.776837504;0.415820402;2.897235077;3.219866138;0.736055412;0.460330297
X8692;4;72;WD;1.156518882;0.481238751;2.232140041;1.87380645;0.778779644;0.505209858
X8692;9;23;WW;0.463032775;0.304696527;1.544625007;0.861308951;0.666502566;0.418394639
X8692;10;23;WD;1.387542513;0.495167562;2.016720417;2.196877881;0.665125176;0.454885693
X8693;3;73;WW;1.800131344;0.736721452;1.95657777;2.699681236;0.623385246;0.356099073
X8693;4;73;WD;0.363081607;0.276116844;1.49007627;0.445118672;0.691592711;0.163273705
X8693;5;70;WW;1.353600615;0.597288977;1.856811926;1.845739942;0.767978575;0.427994995
X8693;6;70;WD;2.236681401;0.944040924;2.110224469;2.919185266;0.710554348;0.253641106
X8694;3;74;WW;2.166839538;0.96695126;1.866685682;2.463078642;0.767022653;0.192538135
X8694;9;40;WW;2.199357769;1.05802824;2.027757775;2.236308322;0.907348703;0.480916252
X8694;10;40;WD;1.200387463;0.594168408;1.70901816;2.073215552;0.658927282;0.506808512
X8697;3;75;WW;4.288906812;1.078896921;2.714364673;4.14330348;0.846145463;0.404793412
X8697;4;75;WD;1.782841504;1.066873976;2.026414784;1.972457451;0.931564998;0.50627706
X8697;7;40;WW;2.736253161;1.223038989;1.854469826;2.056102652;0.962826291;1.025652561
X8697;8;40;WD;1.651875192;1.003821233;1.966229058;1.856578165;0.844979017;0.699878146
X8698;5;76;WW;1.181989118;0.421245537;2.136895866;2.479453584;0.753346836;0.280034726
X8698;6;76;WD;1.759838805;0.610549062;2.24692203;2.980864786;0.776336564;0.422329619
X8699;3;77;WW;2.881609179;1.407489938;2.027016765;3.220165046;0.701438463;0.474122921
X8699;4;77;WD;2.864820263;1.091587837;2.416373489;5.02289624;0.580601377;0.331741903
X8699;7;63;WW;4.589131775;1.857094815;2.75801083;3.716638975;0.83253738;0.592543199
X8699;8;63;WD;2.337849775;1.231285056;2.218526123;3.120614957;0.667114366;0.411695957
X8702;3;78;WW;2.086293119;0.695067663;2.633183828;2.973766532;0.810461536;0.31509508
X8702;4;78;WD;2.805395854;0.906186236;2.229065689;4.196777281;0.639390074;0.277634263
X8702;7;68;WW;4.133907737;1.028875221;2.800930523;4.164890803;0.80375854;0.271402735
X8702;8;68;WD;1.824833204;0.914674555;1.812933889;2.637145937;0.635267151;0.180289048
X8703;3;79;WW;3.782171364;0.991178326;2.96624241;6.116639768;0.658825969;0.750996345
X8703;4;79;WD;1.974131824;0.733382242;2.250209366;3.857343791;0.636069079;0.36575957
X8703;5;60;WW;1.752469525;0.742686177;2.686571378;2.781520173;0.82979518;0.283863745
X8703;6;60;WD;1.974797966;0.789885473;2.100852997;3.804099141;0.605721983;0.241100232
X8705;3;80;WW;3.686809118;1.148599811;3.08798071;2.860987427;1.04379244;0.852967167
X8705;4;80;WD;2.781274596;1.136892122;2.318509279;2.424224912;0.904672734;0.345719675
X8705;9;62;WW;3.010055012;0.976466607;2.712138159;2.386598468;1.07900783;0.74463025
X8705;10;62;WD;3.057999375;2.085587408;1.78735685;2.32935686;0.849950609;0.616904272
X8706;3;81;WW;3.603728259;1.029932765;2.793151603;3.375665949;0.897116459;0.465072956
X8706;4;81;WD;2.641532622;0.633053946;2.282676682;5.21160669;0.560148889;0.284077569
X8706;9;25;WW;3.585178776;1.329966388;2.09358928;3.715540048;0.700508356;0.327912033
X8706;10;25;WD;2.717292751;0.733103886;2.87319451;2.671999516;0.970755337;0.512428507
X8710;3;82;WW;3.43944845;1.782925821;2.641789075;5.523147227;0.620281819;0.423798775
X8710;4;82;WD;1.777339669;0.817531353;2.200497004;2.676694505;0.686333483;0.182676616
X8710;7;80;WW;3.717072577;1.366525327;2.616563091;5.511327294;0.658647843;0.582425517
X8710;8;80;WD;2.843888752;1.539386371;1.927805115;3.576276114;0.696334062;1.006225751
X8713;4;83;WD;4.76294097;1.631628194;2.16105167;5.959893997;0.631390506;1.114213102
X8713;7;24;WW;3.089530195;1.503885595;2.259193891;3.039624064;0.764240149;0.433423402
X8713;8;24;WD;5.200184183;1.856515323;2.478084893;6.418728021;0.584052415;1.154784946
X8717;3;84;WW;1.272361342;0.62622235;1.769657924;1.466442774;0.763154741;0.278556553
X8717;4;84;WD;1.531734379;0.697383855;1.947706246;2.519950699;0.631800873;0.189930293
X8717;7;52;WW;0.856576814;0.437779535;1.807288794;1.177047177;0.761601278;0.362378734
X8717;8;52;WD;1.131611877;0.673743467;1.51521014;1.280007861;0.682328279;0.168756156
X8718;4;85;WD;5.727004592;1.877675203;2.321953383;5.711895531;0.744312705;0.586506376
X8718;7;77;WW;5.593116195;2.995921507;2.730168238;2.189340115;1.317592737;0.493055075
X8718;8;77;WD;5.257084592;1.866266956;2.353772038;4.426342594;0.74079807;0.415965305
X8719;3;86;WW;4.391970184;1.3722385;2.502709966;5.36172696;0.676521202;0.676542586
X8719;4;86;WD;2.348643183;0.718629402;2.24805192;3.748211874;0.638888652;0.659583252
X8719;7;44;WW;2.28411681;0.759167003;2.409559705;2.277731833;0.865479872;0.661916865
X8719;8;44;WD;1.251640845;0.545999336;1.931050572;1.962262906;0.693166547;0.396657999
X8723;3;87;WW;4.444209957;2.016865164;1.871545259;4.415944034;0.704435338;0.564521124
X8723;4;87;WD;5.453815831;1.558472956;2.792935457;8.442632309;0.56060222;0.678058598
X8723;9;67;WW;5.122314518;1.762420061;2.342699321;6.467090751;0.618465475;0.493143263
X8724;3;88;WW;2.100150308;0.460530193;2.51887799;4.895192464;0.543847649;0.187202892
X8724;4;88;WD;1.640229365;0.508348434;2.774374558;3.967372239;0.610127719;0.133870985
X8724;5;82;WW;1.774459029;0.746270603;2.374305664;3.345114698;0.663991904;0.496173636
X8724;6;82;WD;1.647487945;0.47823804;2.463133908;3.812507767;0.589575501;0.560795007
X8726;3;89;WW;3.835268491;1.340694023;2.675707963;4.922639263;0.727295007;0.292796991
X8726;4;89;WD;2.601090194;1.094477839;2.036613944;4.581940558;0.582027849;0.241595895
X8726;5;87;WW;2.25535077;0.658552681;2.540693392;2.82917858;0.781393517;0.299462454
X8726;6;87;WD;2.016783508;0.948052568;2.196123486;2.918980714;0.668684153;0.480357682
X8732;3;90;WW;1.423466635;0.469946785;2.496689849;1.728832751;0.96759011;0.284303568
X8732;4;90;WD;1.855481426;0.569511553;2.604605373;2.792318067;0.799371648;0.24535073
X8732;9;28;WW;2.030606064;0.637230381;2.466706853;3.142323176;0.726923172;0.402329734
X8732;10;28;WD;3.985688216;2.118382653;2.428487591;2.607494308;0.800391291;0.521183515
X8734;3;91;WW;5.105650874;1.232461909;2.665831945;7.960414829;0.607749127;0.317621687
X8734;4;91;WD;4.076340652;1.58030435;2.223586048;6.241372141;0.563524149;0.304706859
X8734;5;85;WW;3.230182577;0.900819663;2.453985966;6.970078497;0.544828122;0.366166079
X8734;6;85;WD;2.77691116;0.879129611;2.153195875;5.45824117;0.536641002;0.29322055
X8735;3;92;WW;3.03487139;0.982933236;2.610938764;4.821356143;0.624404755;0.279277496
X8735;4;92;WD;3.424724108;1.45260963;2.337995519;4.536928634;0.615969683;0.543367766
X8735;5;84;WW;3.518982847;1.063849881;2.509202259;3.967293399;0.773997149;0.337137611
X8735;6;84;WD;2.72008181;1.24985122;1.876151565;3.593121334;0.561895267;0.50110955
X8737;3;93;WW;3.59124051;1.647730167;2.478621043;3.687735186;0.791038364;0.371834333
X8737;4;93;WD;3.19607028;1.296428655;1.972216524;2.575438853;0.825505801;0.400492719
X8737;5;64;WW;5.545491873;2.403790091;2.492796377;5.347132918;0.706445419;0.462329835
X8737;6;64;WD;5.089764431;1.987922244;1.778989901;4.286095671;0.751156144;0.517521674
X8738;3;94;WW;3.89527432;1.77906685;2.134764327;5.662440866;0.561787057;0.403489554
X8738;4;94;WD;3.884320656;1.20813137;1.890771753;5.494800896;0.57168928;0.632591134
X8738;5;57;WW;5.138349603;1.707371505;2.217674886;6.907023598;0.591660815;0.414024976
X8738;6;57;WD;4.751192221;1.65313659;2.2186565;6.685938132;0.553053141;0.693093227
X8739;3;95;WW;4.127774381;1.471279663;2.696781452;5.825937859;0.675984495;0.429172892
X8739;4;95;WD;2.542444992;1.013573019;2.292774209;3.452858643;0.694393411;0.33490409
X8739;7;66;WW;2.096790015;1.791593116;2.592619514;2.131404752;0.909366247;0.375398857
X8739;8;66;WD;3.192701178;0.777780556;2.801757989;4.79986997;0.737631703;0.44278125
X8740;3;96;WW;2.196568245;0.922213355;1.98526799;2.081634154;0.836121022;0.458784231
X8740;4;96;WD;2.245850462;0.955962423;2.183042207;2.343967507;0.797808133;0.351686297
X8740;9;9;WW;2.740452931;1.11328827;2.22453914;2.614431091;0.805203647;0.489438679
X8740;10;9;WD;2.43749299;1.802728244;2.188828032;2.44810198;0.779562082;0.777361668
X8742;3;97;WW;8.287722548;2.28615454;2.559472666;4.081008383;1.035123548;0.739777885
X8742;4;97;WD;5.294693259;2.695129484;1.70108337;3.91496215;0.866080702;1.21217891
X8742;9;96;WW;4.375359077;2.370126618;1.923735916;2.439766381;1.091596275;0.731760713
X8743;5;1;WW;3.192218532;1.468955929;1.874169294;4.02533386;0.607849584;0.355882558
X8743;6;1;WD;3.806313746;1.472274905;2.217475464;4.416738399;0.719984102;0.286177707
X8743;9;18;WW;4.749245113;1.675587872;2.485782642;5.392332015;0.644520681;0.461272428
X8743;10;18;WD;4.396497982;1.753503207;1.952131514;4.398796212;0.632170809;0.280518496
X8746;5;2;WW;0.474000859;0.16701763;2.15972325;1.107549255;0.775711871;0.339590072
X8746;5;94;WW;1.211896385;0.388416619;2.283271569;2.518140781;0.667647691;0.24011525
X8746;6;2;WD;0.606804142;0.29488603;1.845304525;1.46628725;0.671443256;0.284321445
X8746;6;94;WD;0.936129752;0.458425125;2.214255098;1.862163043;0.756289761;0.133964216
X8749;5;3;WW;2.54702116;1.092067125;2.760430043;3.258308364;0.63580305;0.358445093
X8749;6;3;WD;1.194600719;0.486566362;2.410614697;1.196988372;1.034829772;0.169699655
X8749;6;54;WD;1.388328748;0.71397389;2.045417935;1.036477622;1.03967472;0.564702996
X8750;5;4;WW;2.39566304;1.152170962;1.827194823;2.41636752;0.737348071;0.494043669
X8750;6;4;WD;2.452968019;1.390536295;1.757168735;3.260826647;0.586960721;0.803859113
X8750;7;49;WW;3.854220186;1.325442574;2.084406882;3.411219248;0.745142487;1.102445013
X8750;8;49;WD;4.724367368;2.015504916;2.036202283;4.503521714;0.671899634;0.656404232
X8751;5;5;WW;3.057088653;0.866039611;2.388726464;5.121924186;0.66495103;0.284297043
X8751;6;5;WD;0.983943084;0.509083927;1.945857941;2.329669709;0.639412153;0.235997911
X8751;9;6;WW;2.255468779;0.811237445;2.41555036;3.215060125;0.760963842;0.45053106
X8751;10;6;WD;1.542985627;0.507715073;1.900129105;3.367118746;0.626537853;0.194404451
X8933;5;6;WW;5.133918233;1.701283434;2.098050396;5.616946597;0.711746236;0.621078882
X8933;6;6;WD;2.284453587;0.884914524;1.687662349;2.972876889;0.638214889;0.216718631
X8933;7;15;WW;5.569705124;1.940185158;2.306839848;6.41053638;0.657987973;0.519412935
X8933;8;15;WD;2.544028332;0.954396114;1.949600877;4.091485702;0.558224469;0.429256698
X8934;5;7;WW;1.973525033;1.09170569;2.060568492;3.770495051;0.48469625;0.573301091
X8934;5;49;WW;2.786918854;1.286205516;1.968228897;2.797400634;0.770054103;0.463193624
X8934;6;7;WD;1.191652196;0.50573913;1.996239115;2.510247858;0.607620122;0.263527001
X8934;6;49;WD;2.011225495;1.104886649;1.566732141;3.678094998;0.478067182;0.605634959
X8937;5;8;WW;3.997859882;1.401762603;2.010544634;3.333927183;0.758631583;0.206922984
X8937;6;8;WD;3.328539879;1.152304382;2.045572456;3.675499382;0.640546825;0.36543099
X8937;9;19;WW;5.326140164;1.755882222;2.450727081;5.345817502;0.703516255;0.530173093
X8937;10;19;WD;3.407140427;1.139154585;2.211531329;4.270821237;0.578165263;0.492865979
X8939;5;9;WW;5.107398777;1.534775736;2.628975486;5.370170196;0.72170006;0.6787174
X8939;6;9;WD;2.793985979;0.936799313;2.908024251;3.700096425;0.789026927;0.492160101
X8939;9;1;WW;3.512038361;1.561482955;2.434293993;4.57373809;0.724668377;0.602732744
X8939;10;1;WD;4.20032694;1.573372514;2.223535275;4.845209778;0.684543081;0.627147164
X8972;5;10;WW;8.795019214;2.379792118;2.683544971;8.613384208;0.735525146;0.40529992
X8972;6;10;WD;4.728010524;1.951462621;2.19532838;6.035474685;0.683485738;0.328728742
X8972;7;18;WW;5.187056727;1.312854075;2.699319818;9.166794505;0.498089343;1.037427229
X8972;8;18;WD;6.567805476;1.710749024;2.701885058;7.789479726;0.62793194;0.484579693
X9080;5;11;WW;4.213973392;1.392095431;2.583421113;4.83263861;0.749942754;0.370108635
X9080;6;11;WD;3.05814847;1.007993664;2.726497013;3.487985262;0.852807419;0.455896707
X9080;7;39;WW;1.39669157;0.59154448;2.333520007;2.555247271;0.748188567;0.332629315
X9080;8;39;WD;2.211629947;0.660639981;2.198169967;3.473087384;0.654339973;0.525539785
X9090;5;12;WW;7.304558375;2.283785156;2.767916404;6.324900989;0.735539956;0.398181135
X9090;6;12;WD;3.032721425;1.118938234;2.587416822;5.21046381;0.619563921;0.439808277
X9090;7;38;WW;3.72756108;1.387267141;2.525873591;4.586639266;0.6664128;0.533827161
X9090;8;38;WD;1.855235006;0.811805888;2.268216635;2.751416699;0.716852782;0.22912299
X9115;5;13;WW;2.317729876;0.54929286;2.578355623;3.838148526;0.654585392;0.517709654
X9115;6;13;WD;1.450250939;0.530723445;2.249314955;3.015273029;0.621971375;0.372363031
X9115;8;42;WD;2.081108632;0.787234679;2.123018633;3.587918208;0.599679683;0.213806371
X9118;5;14;WW;1.324144849;0.410684086;1.810865588;3.941369517;0.440380095;0.288359974
X9118;5;61;WW;1.762844598;0.833213226;2.036410827;3.225029276;0.65391184;0.229183612
X9118;6;14;WD;1.822108578;0.686912457;1.993444186;6.155977135;0.360416617;0.353036415
X9118;6;61;WD;2.558838318;0.899326391;2.126596927;4.562665002;0.613457973;0.132865851
X9122;5;15;WW;2.255230232;0.499974416;3.29084764;4.130762873;0.784796381;0.48319526
X9122;6;15;WD;1.639828599;0.774829215;2.674038716;3.166497284;0.762628982;0.694220143
X9122;9;49;WW;1.796990718;0.549492408;2.544643567;3.048836441;0.757390965;0.286403438
X9122;10;49;WD;1.234614897;0.389026517;2.710266546;1.967847136;0.87712406;0.237108473
X9124;5;16;WW;7.124349115;2.028046334;2.887030741;6.795698093;0.717712283;0.504170489
X9124;6;16;WD;3.463292475;1.603754809;1.877460429;4.140355951;0.678555204;0.610846016
X9124;7;62;WW;3.983169394;1.505461662;2.145972865;3.664092123;0.719714229;0.373287482
X9124;8;62;WD;2.213049711;1.843535219;1.069872115;2.978414947;0.672190841;0.527067973
X9128;5;17;WW;4.025407815;1.207956032;2.640473306;5.020704963;0.708391812;0.528969791
X9128;5;69;WW;4.12735144;1.595582503;2.682007837;4.821519199;0.722028806;0.662571515
X9128;6;17;WD;2.581681693;1.041815321;2.175946907;3.625545727;0.621844204;0.412416065
X9128;6;69;WD;2.932378845;1.37352443;2.358202742;3.391480186;0.741597379;0.497694249
X9130;5;18;WW;1.921380294;0.869968249;2.552663096;3.221294011;0.737084679;0.554945124
X9130;6;18;WD;2.905708548;0.940902509;2.502911655;5.298802553;0.573811016;0.400985589
X9130;9;61;WW;2.765654501;1.149368483;2.014879978;3.630436444;0.730065101;0.41791027
X9130;10;61;WD;0.796857183;0.484884496;1.582090705;1.831804573;0.639935578;0.313958276
X9148;5;19;WW;2.751731384;1.083232292;2.502226009;6.132905863;0.434927226;0.378443526
X9148;5;63;WW;2.908359007;0.903671343;2.518778373;4.443242231;0.739667819;0.522697207
X9148;6;19;WD;3.240891543;1.207040482;2.182344384;3.52563672;0.705796733;0.349846113
X9148;6;63;WD;3.412987601;1.126801316;2.311001891;4.434216337;0.635599005;0.1334942
X9151;5;20;WW;5.426747139;1.705450878;2.016392934;8.033582341;0.599110701;0.843122771
X9151;6;20;WD;3.69073563;1.713815871;1.914073743;4.611239695;0.737221204;0.293422603
X9151;9;82;WW;4.182483214;1.697490239;2.019138665;6.126195269;0.591513724;0.529048852
X9151;10;82;WD;4.581768934;1.724469473;1.986763193;3.623374563;0.861614008;0.815233228
X9152;5;21;WW;2.36833822;0.768134752;1.969861928;6.08153505;0.427427831;0.450866645
X9152;5;65;WW;3.540004957;1.286467832;2.209498096;4.719132306;0.737886646;0.318649451
X9152;6;21;WD;1.303450444;0.580688897;1.751385763;2.040112079;0.648468997;0.471528208
X9152;6;65;WD;2.852544053;1.32802776;1.91373121;4.56093645;0.591200357;0.337393956
X9153;5;22;WW;3.256056644;1.218326861;2.453766189;2.371141137;1.048162779;0.47286111
X9153;6;22;WD;3.11299842;1.711704086;2.332802302;3.03013288;0.792102307;0.676865106
X9153;7;13;WW;2.885918459;0.872806942;2.286433501;2.314549776;0.920053354;0.427072236
X9153;8;13;WD;1.244799674;0.72482957;2.177395059;1.552878555;0.882107467;0.67973254
X9166;5;23;WW;6.775666267;2.516182816;2.506827896;4.556728755;0.849853568;0.514321653
X9166;9;50;WW;2.915574217;1.511263974;2.064096629;3.628647247;0.676570466;0.489743876
X9166;10;50;WD;3.554599758;1.620721409;1.844838187;2.926879821;0.858065662;0.534192135
X9171;5;24;WW;3.963991005;1.838656396;2.710981725;5.694761522;0.516927986;0.463179957
X9171;5;89;WW;5.075466693;1.421147126;2.901293991;3.711515276;1.201815913;0.544375976
X9171;6;24;WD;4.991111248;1.957520039;2.719828513;5.731447465;0.626592416;0.517369754
X9171;6;89;WD;5.106002254;1.521871456;3.132186523;4.716922385;0.931660566;0.530781228
X9176;5;25;WW;2.622858854;0.762132452;2.403708647;4.548174884;0.649977692;0.343072496
X9176;6;25;WD;4.146501242;1.193357911;2.382068367;7.559525436;0.536348608;0.234479579
X9176;7;45;WW;3.304160276;0.867752814;2.412664027;3.918967051;0.784852301;0.534373235
X9176;8;45;WD;2.858418712;0.971945368;2.147212459;5.08299495;0.538062337;0.441374543
X9177;5;26;WW;5.353189212;2.249135997;2.395292842;3.410588328;0.950355349;0.756034337
X9177;6;26;WD;4.547798228;1.579662011;2.02027805;3.497432883;0.892453904;0.368193879
X9177;9;81;WW;2.939286394;1.55186712;1.97459187;2.164222856;0.942615333;0.894526847
X9177;10;81;WD;2.05750387;1.329912718;1.378403853;2.538530665;0.740019056;0.775333488
X9179;5;27;WW;4.222719062;1.954472879;1.476230211;2.402553929;1.100306644;0.580008793
X9179;6;27;WD;2.606295318;1.416800989;1.348034444;2.661588639;0.679541694;0.900142469
X9179;9;89;WW;1.951686835;0.770295686;1.768792677;2.318343224;0.684230798;0.678492687
X9179;10;89;WD;1.832568604;1.136693333;1.247766759;1.786727366;0.766024486;0.500461304
X9185;5;28;WW;2.616951093;0.54662898;3.098438572;5.136397046;0.628377245;0.222792028
X9185;6;28;WD;2.552024928;0.717956086;2.737649817;5.408027044;0.566258447;0.177162329
X9185;9;48;WW;2.803262475;0.699596254;2.91250612;5.961865987;0.580209989;0.255256162
X9185;10;48;WD;2.758275975;1.1052887;2.469945039;4.528666186;0.609640526;0.298998179
X9186;5;29;WW;5.55593895;1.585357309;2.503945687;6.067258367;0.662777723;0.73000184
X9186;6;29;WD;3.381122601;0.962762237;2.419058473;7.22216995;0.48203465;0.557659797
X9186;7;87;WW;3.852003922;1.258278373;2.611160296;6.082307165;0.5636026;0.750443434
X9186;8;87;WD;3.821628005;1.061858258;2.300051508;6.336183634;0.580596946;0.32532783
X9190;5;30;WW;4.088637471;1.280527263;2.406077378;3.834585943;0.837214281;0.690591698
X9190;6;30;WD;3.212498033;1.113293827;2.57438972;3.861811848;0.735405456;0.425110625
X9190;7;70;WW;3.843768557;1.242112752;2.302475602;4.035929;0.76749803;1.010738847
X9190;8;70;WD;7.701142343;2.280525753;2.557819016;8.057072967;0.680686272;0.471981285
X9191;5;31;WW;4.362325984;1.526823653;2.280828279;4.537307993;0.787697255;0.561226866
X9191;5;53;WW;5.369371397;2.977082473;2.358328804;6.309373953;0.659447382;0.423054223
X9191;6;31;WD;2.980783865;1.371203928;2.064739087;5.952971712;0.402882173;0.217512974
X9191;6;53;WD;3.272601788;1.467324103;2.082867408;3.993961829;0.845455724;0.45637892
X9202;6;32;WD;3.039205234;1.339085672;1.699068909;4.219776865;0.506912489;0.360765609
X9202;7;91;WW;3.305049767;1.375956694;2.62012459;3.90637872;0.76758442;0.434178687
X9202;8;91;WD;2.782283084;1.204862891;1.951043368;4.126433207;0.621098036;0.495114633
X9234;5;33;WW;3.764307065;1.22713851;2.212990404;7.452134121;0.46004344;0.300080469
X9234;6;33;WD;2.392345162;1.254061697;1.928330384;3.194284892;0.510070152;0.234309123
X9234;9;34;WW;3.219142188;1.209366976;2.094405879;3.883274578;0.596714974;0.58577526
X9246;5;34;WW;2.389779826;1.082471647;2.436846278;2.985858736;0.77205233;0.475713328
X9246;6;34;WD;2.767222685;0.911522729;2.451947251;4.089844553;0.693471044;0.439928571
X9246;9;60;WW;2.707801017;1.031906147;2.392622809;3.568560573;0.788760979;0.564837707
X9246;10;60;WD;2.092927618;1.084644307;2.165387758;2.865878589;0.774632025;0.225758369
X9250;5;35;WW;3.195815251;1.388053299;2.371680533;2.797539267;1.021331242;0.534775402
X9250;5;86;WW;3.337214388;1.219196732;2.026314701;3.70731704;0.656867575;0.380716997
X9250;6;35;WD;2.487320361;0.865187413;2.317404988;5.178091091;0.410589786;0.288862159
X9251;5;36;WW;4.135896101;1.638911454;2.605184121;5.331386638;0.68162529;0.364335913
X9251;6;36;WD;2.986727402;1.3099389;2.037382117;4.599810465;0.602163747;0.348670476
X9251;9;93;WW;2.95004797;1.109099086;2.121617555;3.897238071;0.580983413;0.348033349
X9251;10;93;WD;2.922569695;1.290481449;2.259018857;3.518960887;0.706572479;0.5123673
X9252;5;37;WW;4.143508759;1.649726752;2.258727037;4.660926586;0.647948793;0.330550149
X9252;6;37;WD;4.483567537;2.034926516;2.132962372;4.040221222;0.788900959;0.63221943
X9252;7;28;WW;4.312402043;1.156573118;2.360760422;5.051974992;0.65125578;0.612255248
X9252;8;28;WD;4.114413513;1.703441675;1.805484314;4.621819183;0.699988527;0.624890293
X9256;5;38;WW;1.75515709;1.15324156;1.728477966;2.447714675;0.394253963;0.254868234
X9256;6;38;WD;1.877864214;0.824432944;2.017859149;3.666405747;0.402043;0.591572132
X9256;7;11;WW;2.4316198;1.374484442;2.307459006;2.756994593;0.839934507;0.531633924
X9256;8;11;WD;2.624085961;1.221897461;2.432107688;2.79002227;0.902764024;0.431928384
X9259;5;39;WW;2.238588874;0.817768792;3.135890356;3.078115629;0.807428209;0.841885209
X9259;6;39;WD;2.153850439;1.238648602;2.137104648;3.81985887;0.550181768;0.77117757
X9259;10;83;WD;3.229638933;1.282874829;2.11874972;2.988712081;0.714461689;0.795774041
X9267;5;40;WW;0.898457883;0.328674468;1.729012651;1.996334826;0.588179731;0.265676536
X9267;6;40;WD;1.067953988;0.476494032;1.736097391;2.581894777;0.559890579;0.145759181
X9267;9;71;WW;1.581277814;0.629456317;1.76074271;3.788295836;0.534562513;0.40730209
X9267;10;71;WD;0.928099186;0.453735474;1.705020687;2.566990628;0.573960882;0.184181751
X9389;5;41;WW;4.141632903;1.743037131;2.324907151;2.269565626;1.263464174;0.528873699
X9389;5;62;WW;5.196378687;1.876728821;2.780818537;3.222268811;1.016980229;0.753068706
X9389;6;41;WD;2.540366899;0.986964902;2.357434261;1.909833387;1.068228491;0.442118835
X9389;6;62;WD;4.079797477;1.299343812;2.42590498;2.921957002;0.875046502;0.820793695
X9391;5;42;WW;4.749054006;3.138782989;2.552328723;2.396643254;1.148035616;0.486660037
X9391;6;42;WD;2.168252691;0.942169615;2.130479549;2.039888201;0.82137818;0.460754066
X9391;9;3;WW;1.828723614;0.663611109;2.348227448;1.895914318;0.869302241;0.296712597
X9391;10;3;WD;4.159904614;2.016407852;2.0890323;2.507329257;0.930720777;0.488497487
X9421;5;43;WW;2.925737258;0.800664041;2.574610196;6.006126345;0.564895285;0.256046856
X9421;5;95;WW;4.996745365;1.334477813;3.024769989;9.131298435;0.556029201;0.427357677
X9421;6;43;WD;2.526151411;0.861038891;2.890494171;3.69720634;0.816494042;0.311894877
X9421;6;95;WD;3.007328761;1.189353635;2.629126484;3.995468723;0.680630261;0.426519648
X9429;6;44;WD;1.513608806;0.642787744;1.888361745;2.676093173;0.587106058;0.185345875
X9429;9;44;WW;1.821289631;0.578981171;2.093524213;3.200736225;0.622408545;0.23355288
X9429;10;44;WD;2.843664491;1.205472353;1.968612197;5.078396197;0.488475793;0.41181809
X9433;5;45;WW;1.588587812;0.669791725;1.865941021;1.961909067;0.83749474;0.487015373
X9433;8;97;WD;2.99207947;1.462691419;2.433684581;2.186719381;1.024819858;0.458735778
X9436;5;46;WW;2.395916228;1.012342079;2.588939363;4.007953109;0.711787855;0.229598096
X9436;6;46;WD;2.500541262;0.80242694;2.517837421;4.621667999;0.644665756;0.335739765
X9436;10;43;WD;3.847326746;1.18442589;2.422624955;6.834863317;0.510762055;0.508504355
X9437;5;47;WW;4.708995128;1.291325485;2.275921538;6.658003892;0.538583793;0.421766415
X9437;6;47;WD;3.444206954;1.372976393;1.654135772;5.502233546;0.495115596;0.285198123
X9437;7;73;WW;5.339290916;1.678722637;2.321812952;7.002086648;0.548666223;0.543336144
X9437;8;73;WD;4.876935816;1.776892409;2.072443655;7.949581581;0.454984116;0.254186362
