,Area,Area_leaf,Ei,Ei_leaf,delta_angle_top,incli_top,isolated,phyllotactic_angle,phyllotactic_deviation,plant_height,plant_orientation,rmax,skew,wl
0,0.7808711273,0.6964687507,0.655854605382,0.702329196205,187.5,0.0,1.0,135.0,45.0,175.0,90.0,0.7,0.2875,0.1325
1,0.7808710903,0.6964687137,0.593104420553,0.6329162466,187.5,0.0,1.0,135.0,45.0,175.0,90.0,0.7,0.2875,0.3775
2,0.7808710903,0.6964687137,0.548793306302,0.582775048983,187.5,0.0,1.0,45.0,45.0,175.0,90.0,0.7,0.2875,0.3775
3,0.7808712067,0.6964687429,0.548490971803,0.582645007766,187.5,0.0,1.0,45.0,45.0,175.0,45.0,0.7,0.2875,0.3775
4,0.7808564725,0.6964540087,0.515373150914,0.544334235806,187.5,0.0,1.0,45.0,45.0,175.0,45.0,0.3,0.2875,0.3775
5,0.7808564227,0.6964540392,0.468818828125,0.491685758902,187.5,0.0,1.0,45.0,0.0,175.0,45.0,0.3,0.2875,0.3775
6,0.7808947418,0.6964923583,0.47734455302,0.500981004023,62.5,0.0,1.0,45.0,0.0,175.0,45.0,0.3,0.2875,0.3775
7,0.7808947345,0.696492351,0.485335545657,0.508117843547,62.5,37.5,1.0,45.0,0.0,175.0,45.0,0.3,0.2875,0.3775
8,0.8377126665,0.6964923791,0.528157745967,0.569447743314,62.5,37.5,1.0,45.0,0.0,300.0,45.0,0.3,0.2875,0.3775
9,0.8377151073,0.6964948199,0.561014805973,0.609161321127,62.5,37.5,1.0,45.0,0.0,300.0,45.0,0.3,0.7625,0.3775
10,0.8376596533,0.69643936,0.573799294524,0.622704061776,187.5,18.75,1.0,180.0,67.5,300.0,67.5,0.1,0.05,0.3775
11,0.8376596533,0.69643936,0.558230642582,0.604089219921,187.5,18.75,1.0,90.0,67.5,300.0,67.5,0.1,0.05,0.3775
12,0.8376596325,0.6964393441,0.558452979625,0.604209551354,187.5,18.75,1.0,90.0,67.5,300.0,22.5,0.1,0.05,0.3775
13,0.8376596811,0.6964393894,0.482379962515,0.512531408841,187.5,18.75,1.0,90.0,22.5,300.0,22.5,0.1,0.05,0.3775
14,0.837659659,0.6964393673,0.606473871383,0.660303727463,187.5,18.75,1.0,90.0,22.5,300.0,22.5,0.1,0.05,0.1325
15,0.8376596654,0.6964393737,0.600229306354,0.652341798722,187.5,56.25,1.0,90.0,22.5,300.0,22.5,0.1,0.05,0.1325
16,0.8376977539,0.6964774622,0.61352636023,0.668192813964,62.5,56.25,1.0,90.0,22.5,300.0,22.5,0.1,0.05,0.1325
17,0.8377120763,0.6964917846,0.66361904102,0.730347226511,62.5,56.25,1.0,90.0,22.5,300.0,22.5,0.1,0.525,0.1325
18,0.7808941873,0.6964917821,0.655579533422,0.697312409154,62.5,56.25,1.0,90.0,22.5,175.0,22.5,0.1,0.525,0.1325
19,0.780897834,0.6964954288,0.684587533863,0.730208995322,62.5,56.25,1.0,90.0,22.5,175.0,22.5,0.5,0.525,0.1325
20,0.7525898292,0.6965806127,0.514190904861,0.536029593721,125.0,56.25,1.0,90.0,0.0,112.5,67.5,0.7,1.0,0.3775
21,0.7525927345,0.696583518,0.522314873538,0.544990612912,125.0,56.25,1.0,90.0,0.0,112.5,67.5,0.7,0.525,0.3775
22,0.7523242556,0.6963150391,0.543211558052,0.567079951623,0.0,56.25,1.0,90.0,0.0,112.5,67.5,0.7,0.525,0.3775
23,0.7523243025,0.696315086,0.51687811153,0.538445589929,0.0,18.75,1.0,90.0,0.0,112.5,67.5,0.7,0.525,0.3775
24,0.7524389242,0.6964297077,0.502241189582,0.522465233564,0.0,18.75,1.0,90.0,0.0,112.5,67.5,0.3,0.525,0.3775
25,0.7524389269,0.6964297102,0.501839065994,0.522075530702,0.0,18.75,1.0,90.0,0.0,112.5,22.5,0.3,0.525,0.3775
26,0.7524389441,0.6964297125,0.542453180655,0.566073894065,0.0,18.75,1.0,90.0,45.0,112.5,22.5,0.3,0.525,0.3775
27,0.809239017,0.6964297121,0.606836280331,0.655448609025,0.0,18.75,1.0,90.0,45.0,237.5,22.5,0.3,0.525,0.3775
28,0.809239017,0.6964297121,0.527746288129,0.562676451529,0.0,18.75,1.0,0.0,45.0,237.5,22.5,0.3,0.525,0.3775
29,0.8092389981,0.6964296932,0.612376465064,0.659069455871,0.0,18.75,1.0,0.0,45.0,237.5,22.5,0.3,0.525,0.1325
30,0.7525898077,0.6965805881,0.51386727668,0.535689885889,125.0,56.25,1.0,90.0,0.0,112.5,90.0,0.1,1.0,0.3775
31,0.7526055379,0.6965963183,0.4673222486,0.485056280102,125.0,56.25,1.0,90.0,0.0,112.5,90.0,0.1,0.525,0.3775
32,0.7526055286,0.696596309,0.558386524508,0.580247966274,125.0,56.25,1.0,90.0,0.0,112.5,90.0,0.1,0.525,0.1325
33,0.8094056084,0.6965963043,0.593187915093,0.636697565642,125.0,56.25,1.0,90.0,0.0,237.5,90.0,0.1,0.525,0.1325
34,0.8093012194,0.6964919153,0.614118016371,0.660804795053,0.0,56.25,1.0,90.0,0.0,237.5,90.0,0.1,0.525,0.1325
35,0.8093012156,0.6964919115,0.617957365081,0.665713039294,0.0,18.75,1.0,90.0,0.0,237.5,90.0,0.1,0.525,0.1325
36,0.8093012156,0.6964919115,0.517642231646,0.548409573185,0.0,18.75,1.0,0.0,0.0,237.5,90.0,0.1,0.525,0.1325
37,0.809301224,0.6964919191,0.602340956443,0.647151604874,0.0,18.75,1.0,0.0,45.0,237.5,90.0,0.1,0.525,0.1325
38,0.8093012299,0.696491927,0.600883483537,0.645741272577,0.0,18.75,1.0,0.0,45.0,237.5,45.0,0.1,0.525,0.1325
39,0.8091782713,0.6963689684,0.615588398175,0.663334455508,0.0,18.75,1.0,0.0,45.0,237.5,45.0,0.5,0.525,0.1325
40,0.7810017959,0.6965993964,0.628135847363,0.666891862724,125.0,75.0,1.0,135.0,22.5,175.0,67.5,0.1,0.2875,0.1325
41,0.8378196899,0.6965993997,0.634953878609,0.696261729278,125.0,75.0,1.0,135.0,22.5,300.0,67.5,0.1,0.2875,0.1325
42,0.8378159423,0.6965956521,0.685820051478,0.758901600456,125.0,75.0,1.0,135.0,22.5,300.0,67.5,0.5,0.2875,0.1325
43,0.8378046126,0.6965843224,0.689424988825,0.763268862019,125.0,75.0,1.0,135.0,22.5,300.0,67.5,0.5,0.7625,0.1325
44,0.8378046145,0.6965843248,0.691185383597,0.765139467607,125.0,75.0,1.0,135.0,22.5,300.0,22.5,0.5,0.7625,0.1325
45,0.8378046145,0.6965843248,0.663631884308,0.732676912968,125.0,75.0,1.0,45.0,22.5,300.0,22.5,0.5,0.7625,0.1325
46,0.8378046199,0.6965843289,0.696404847099,0.77184698334,125.0,75.0,1.0,45.0,67.5,300.0,22.5,0.5,0.7625,0.1325
47,0.8379842399,0.6967639489,0.671189405555,0.74167929285,250.0,75.0,1.0,45.0,67.5,300.0,22.5,0.5,0.7625,0.1325
48,0.8379841678,0.6967638768,0.586112753258,0.643350073205,250.0,75.0,1.0,45.0,67.5,300.0,22.5,0.5,0.7625,0.3775
49,0.837984254,0.696763963,0.591283174383,0.647533629202,250.0,37.5,1.0,45.0,67.5,300.0,22.5,0.5,0.7625,0.3775
50,0.7808515692,0.6964491857,0.441222962688,0.458677504596,187.5,75.0,1.0,45.0,0.0,175.0,45.0,0.1,0.2875,0.255
51,0.7808516143,0.6964491505,0.537570697732,0.567031661081,187.5,75.0,1.0,45.0,45.0,175.0,45.0,0.1,0.2875,0.255
52,0.8376694403,0.6964491439,0.560071438647,0.608381611755,187.5,75.0,1.0,45.0,45.0,300.0,45.0,0.1,0.2875,0.255
53,0.8376694287,0.6964491323,0.56574230806,0.613992026383,187.5,37.5,1.0,45.0,45.0,300.0,45.0,0.1,0.2875,0.255
54,0.8376817644,0.696461468,0.615745264212,0.675639257256,187.5,37.5,1.0,45.0,45.0,300.0,45.0,0.5,0.2875,0.255
55,0.8377160298,0.6964957334,0.635395775441,0.698670621914,62.5,37.5,1.0,45.0,45.0,300.0,45.0,0.5,0.2875,0.255
56,0.8377165879,0.6964962915,0.787218848278,0.876092810886,62.5,37.5,1.0,45.0,45.0,300.0,45.0,0.5,0.2875,0.01
57,0.8377157353,0.6964954389,0.785149511111,0.873290016658,62.5,37.5,1.0,45.0,45.0,300.0,45.0,0.5,0.7625,0.01
58,0.8377157004,0.696495404,0.793863759623,0.883705439122,62.5,37.5,1.0,135.0,45.0,300.0,45.0,0.5,0.7625,0.01
59,0.8377153562,0.6964950662,0.799863121805,0.889936986687,62.5,37.5,1.0,135.0,45.0,300.0,90.0,0.5,0.7625,0.01
60,0.7811663698,0.6967639606,0.613135073675,0.65379317471,250.0,18.75,1.0,180.0,22.5,175.0,0.0,0.9,0.7625,0.255
61,0.7811663653,0.6967639561,0.628999241111,0.671848520108,250.0,18.75,1.0,180.0,22.5,175.0,0.0,0.9,0.2875,0.255
62,0.781166327,0.6967639178,0.581218056039,0.619496033004,250.0,18.75,1.0,180.0,22.5,175.0,0.0,0.9,0.2875,0.5
63,0.781166327,0.6967639178,0.561963633956,0.597736810763,250.0,18.75,1.0,90.0,22.5,175.0,0.0,0.9,0.2875,0.5
64,0.7809779824,0.6965755732,0.589278158831,0.627183615808,125.0,18.75,1.0,90.0,22.5,175.0,0.0,0.9,0.2875,0.5
65,0.7809979942,0.696595585,0.553952366442,0.587410145534,125.0,18.75,1.0,90.0,22.5,175.0,0.0,0.5,0.2875,0.5
66,0.7809980114,0.6965956022,0.556650455178,0.591914637847,125.0,56.25,1.0,90.0,22.5,175.0,0.0,0.5,0.2875,0.5
67,0.7809980222,0.6965956206,0.590137506554,0.629533562253,125.0,56.25,1.0,90.0,67.5,175.0,0.0,0.5,0.2875,0.5
68,0.8378159134,0.6965956204,0.620514547731,0.68463972559,125.0,56.25,1.0,90.0,67.5,300.0,0.0,0.5,0.2875,0.5
69,0.8378159154,0.6965956241,0.621127307734,0.685212273781,125.0,56.25,1.0,90.0,67.5,300.0,45.0,0.5,0.2875,0.5
70,0.8379842479,0.6967639515,0.630087683994,0.694631941748,250.0,18.75,1.0,45.0,45.0,300.0,45.0,0.7,0.05,0.255
71,0.8379842479,0.6967639515,0.658710143622,0.729203013923,250.0,18.75,1.0,135.0,45.0,300.0,45.0,0.7,0.05,0.255
72,0.837984225,0.6967639286,0.672186639759,0.745109033308,250.0,56.25,1.0,135.0,45.0,300.0,45.0,0.7,0.05,0.255
73,0.8379842596,0.6967639632,0.629700070345,0.697042579239,250.0,56.25,1.0,135.0,45.0,300.0,45.0,0.7,0.05,0.5
74,0.7811664242,0.6967639604,0.596008361709,0.637766588153,250.0,56.25,1.0,135.0,45.0,175.0,45.0,0.7,0.05,0.5
75,0.7811664024,0.6967640189,0.582511807617,0.622567218632,250.0,56.25,1.0,135.0,0.0,175.0,45.0,0.7,0.05,0.5
76,0.7811664951,0.6967640749,0.582434895838,0.622420393553,250.0,56.25,1.0,135.0,0.0,175.0,90.0,0.7,0.05,0.5
77,0.7811664296,0.6967640094,0.464473592329,0.487393658717,250.0,56.25,1.0,135.0,0.0,175.0,90.0,0.3,0.05,0.5
78,0.781012736,0.6966103158,0.485944142768,0.510969850674,125.0,56.25,1.0,135.0,0.0,175.0,90.0,0.3,0.05,0.5
79,0.780996211,0.6965937908,0.544238124239,0.577654512313,125.0,56.25,1.0,135.0,0.0,175.0,90.0,0.3,0.525,0.5
80,0.7811663564,0.69676399,0.566873940379,0.60320337932,250.0,0.0,1.0,180.0,0.0,175.0,45.0,0.1,0.7625,0.255
81,0.7811663297,0.6967639633,0.577008921237,0.614908194794,250.0,0.0,1.0,180.0,0.0,175.0,45.0,0.5,0.7625,0.255
82,0.7811664018,0.6967639411,0.607197908091,0.648919902495,250.0,0.0,1.0,180.0,45.0,175.0,45.0,0.5,0.7625,0.255
83,0.7809867684,0.6965843077,0.621021691242,0.663282523424,125.0,0.0,1.0,180.0,45.0,175.0,45.0,0.5,0.7625,0.255
84,0.7242957595,0.6965843198,0.478059077366,0.490699027294,125.0,0.0,1.0,180.0,45.0,50.0,45.0,0.5,0.7625,0.255
85,0.7242957595,0.6965843198,0.46343991529,0.47551372902,125.0,0.0,1.0,90.0,45.0,50.0,45.0,0.5,0.7625,0.255
86,0.724295551,0.6965841113,0.786396733215,0.807112707805,125.0,0.0,1.0,90.0,45.0,50.0,45.0,0.5,0.7625,0.01
87,0.7242958705,0.6965844308,0.834233242415,0.856356676818,125.0,37.5,1.0,90.0,45.0,50.0,45.0,0.5,0.7625,0.01
88,0.7242962214,0.696584781,0.834957812244,0.856685307042,125.0,37.5,1.0,90.0,45.0,50.0,0.0,0.5,0.7625,0.01
89,0.7243069359,0.6965954955,0.837778654303,0.859606551124,125.0,37.5,1.0,90.0,45.0,50.0,0.0,0.5,0.2875,0.01
90,0.7808624069,0.6964600303,0.580249026531,0.617832102322,187.5,0.0,1.0,135.0,45.0,175.0,90.0,0.3,0.525,0.3775
91,0.8376803286,0.6964600386,0.600141654356,0.658887455013,187.5,0.0,1.0,135.0,45.0,300.0,90.0,0.3,0.525,0.3775
92,0.8376802983,0.6964600019,0.600515389655,0.659258416089,187.5,0.0,1.0,135.0,45.0,300.0,45.0,0.3,0.525,0.3775
93,0.8376802706,0.6964599742,0.612281648367,0.672462295928,187.5,37.5,1.0,135.0,45.0,300.0,45.0,0.3,0.525,0.3775
94,0.8376883776,0.6964680812,0.637907834649,0.703522059667,187.5,37.5,1.0,135.0,45.0,300.0,45.0,0.7,0.525,0.3775
95,0.8376883776,0.6964680812,0.602092940235,0.66011396246,187.5,37.5,1.0,45.0,45.0,300.0,45.0,0.7,0.525,0.3775
96,0.8376882296,0.6964679332,0.592910044643,0.648767924463,187.5,37.5,1.0,45.0,45.0,300.0,45.0,0.7,1.0,0.3775
97,0.8376883295,0.6964680421,0.556034591282,0.604014616978,187.5,37.5,1.0,45.0,0.0,300.0,45.0,0.7,1.0,0.3775
98,0.8377157411,0.6964954537,0.57163075152,0.622037132112,62.5,37.5,1.0,45.0,0.0,300.0,45.0,0.7,1.0,0.3775
99,0.8377156626,0.6964953752,0.631128960516,0.690656920875,62.5,37.5,1.0,45.0,0.0,300.0,45.0,0.7,1.0,0.1325
100,0.7810124791,0.6966100736,0.566379046178,0.602496705115,125.0,0.0,1.0,90.0,67.5,175.0,67.5,0.5,0.05,0.5
101,0.7809914154,0.6965890099,0.568616772473,0.60507158338,125.0,0.0,1.0,90.0,67.5,175.0,67.5,0.5,0.525,0.5
102,0.7809914154,0.6965890099,0.501533810471,0.528784950324,125.0,0.0,1.0,0.0,67.5,175.0,67.5,0.5,0.525,0.5
103,0.7809807435,0.696578338,0.517452958363,0.546932576362,125.0,0.0,1.0,0.0,67.5,175.0,67.5,0.9,0.525,0.5
104,0.7242897661,0.6965783277,0.326157563694,0.331749340348,125.0,0.0,1.0,0.0,67.5,50.0,67.5,0.9,0.525,0.5
105,0.7242897929,0.696578355,0.269116103765,0.271891553088,125.0,0.0,1.0,0.0,22.5,50.0,67.5,0.9,0.525,0.5
106,0.7244753835,0.6967639456,0.250648754121,0.253098070525,250.0,0.0,1.0,0.0,22.5,50.0,67.5,0.9,0.525,0.5
107,0.7244753539,0.6967639153,0.250935163968,0.253315990408,250.0,0.0,1.0,0.0,22.5,50.0,22.5,0.9,0.525,0.5
108,0.7244753831,0.6967639445,0.307258339155,0.311346906184,250.0,0.0,1.0,0.0,22.5,50.0,22.5,0.9,0.525,0.255
109,0.72447538,0.6967639414,0.303443914436,0.306635616903,250.0,37.5,1.0,0.0,22.5,50.0,22.5,0.9,0.525,0.255
110,0.7811662865,0.6967639184,0.53989443845,0.573480004933,250.0,0.0,1.0,0.0,90.0,175.0,90.0,0.9,0.05,0.5
111,0.7811663356,0.6967639356,0.538749921979,0.57218690453,250.0,0.0,1.0,0.0,90.0,175.0,45.0,0.9,0.05,0.5
112,0.781166353,0.6967638923,0.513164931441,0.543023862414,250.0,0.0,1.0,0.0,45.0,175.0,45.0,0.9,0.05,0.5
113,0.7811663886,0.6967639279,0.486786163625,0.513157617752,250.0,0.0,1.0,0.0,45.0,175.0,45.0,0.9,0.525,0.5
114,0.781166374,0.6967639133,0.499666612094,0.52618582052,250.0,37.5,1.0,0.0,45.0,175.0,45.0,0.9,0.525,0.5
115,0.781166374,0.6967639133,0.570251267926,0.607072083864,250.0,37.5,1.0,90.0,45.0,175.0,45.0,0.9,0.525,0.5
116,0.7809808455,0.6965783848,0.602606358769,0.642512520038,125.0,37.5,1.0,90.0,45.0,175.0,45.0,0.9,0.525,0.5
117,0.8377986475,0.6965783554,0.632859042332,0.697960318787,125.0,37.5,1.0,90.0,45.0,300.0,45.0,0.9,0.525,0.5
118,0.8378093118,0.6965890197,0.608699362956,0.668850689922,125.0,37.5,1.0,90.0,45.0,300.0,45.0,0.5,0.525,0.5
119,0.8378093254,0.6965890333,0.656333529663,0.724154362456,125.0,37.5,1.0,90.0,45.0,300.0,45.0,0.5,0.525,0.255
120,0.7809806925,0.6965783244,0.712925212167,0.763882390281,125.0,37.5,1.0,90.0,90.0,175.0,90.0,0.9,0.525,0.1325
121,0.7809807012,0.6965783215,0.697926408253,0.745516747341,125.0,37.5,1.0,90.0,45.0,175.0,90.0,0.9,0.525,0.1325
122,0.780980735,0.6965783553,0.623960897538,0.665416579138,125.0,37.5,1.0,90.0,45.0,175.0,90.0,0.9,0.525,0.3775
123,0.7242897684,0.696578328,0.438391134857,0.449231515219,125.0,37.5,1.0,90.0,45.0,50.0,90.0,0.9,0.525,0.3775
124,0.7243004346,0.6965889942,0.428376757983,0.438745231206,125.0,37.5,1.0,90.0,45.0,50.0,90.0,0.5,0.525,0.3775
125,0.7243004286,0.6965889889,0.428049034951,0.438465986639,125.0,37.5,1.0,90.0,45.0,50.0,45.0,0.5,0.525,0.3775
126,0.7243215907,0.696610151,0.417616132441,0.42762081299,125.0,37.5,1.0,90.0,45.0,50.0,45.0,0.5,0.05,0.3775
127,0.7241568622,0.6964454225,0.444216784274,0.454993125118,0.0,37.5,1.0,90.0,45.0,50.0,45.0,0.5,0.05,0.3775
128,0.7241568622,0.6964454225,0.325178918645,0.329641334256,0.0,37.5,1.0,0.0,45.0,50.0,45.0,0.5,0.05,0.3775
129,0.724156841,0.6964454013,0.313155199592,0.317387462362,0.0,75.0,1.0,0.0,45.0,50.0,45.0,0.5,0.05,0.3775
130,0.7808666765,0.6964642865,0.545375400451,0.576767204386,187.5,18.75,1.0,0.0,90.0,175.0,67.5,0.5,0.525,0.3775
131,0.7808666765,0.6964642865,0.605974298327,0.64577246004,187.5,18.75,1.0,90.0,90.0,175.0,67.5,0.5,0.525,0.3775
132,0.7808666343,0.6964642594,0.607295971049,0.647391354428,187.5,18.75,1.0,90.0,90.0,175.0,22.5,0.5,0.525,0.3775
133,0.7808584893,0.6964561144,0.592087591305,0.629695929361,187.5,18.75,1.0,90.0,90.0,175.0,22.5,0.1,0.525,0.3775
134,0.7808416718,0.6964392969,0.574267836054,0.606945815933,187.5,18.75,1.0,90.0,90.0,175.0,22.5,0.1,0.05,0.3775
135,0.8376595894,0.6964392925,0.579283701393,0.629689887701,187.5,18.75,1.0,90.0,90.0,300.0,22.5,0.1,0.05,0.3775
136,0.8376977488,0.6964774519,0.593915238945,0.646833893518,62.5,18.75,1.0,90.0,90.0,300.0,22.5,0.1,0.05,0.3775
137,0.8376977782,0.6964774844,0.541770604626,0.583596107269,62.5,18.75,1.0,90.0,45.0,300.0,22.5,0.1,0.05,0.3775
138,0.8376977402,0.6964774464,0.53692697696,0.578473252328,62.5,56.25,1.0,90.0,45.0,300.0,22.5,0.1,0.05,0.3775
139,0.8376977581,0.6964774643,0.671369552296,0.737813491785,62.5,56.25,1.0,90.0,45.0,300.0,22.5,0.1,0.05,0.1325
140,0.7525028348,0.6964936131,0.796270759271,0.833657356406,62.5,18.75,1.0,45.0,0.0,112.5,90.0,0.3,0.525,0.01
141,0.7524691442,0.6964599225,0.786497594747,0.823265755028,187.5,18.75,1.0,45.0,0.0,112.5,90.0,0.3,0.525,0.01
142,0.7524776111,0.6964683894,0.787706920508,0.824559711085,187.5,18.75,1.0,45.0,0.0,112.5,90.0,0.3,1.0,0.01
143,0.7524771303,0.6964679086,0.480763199894,0.498607218005,187.5,18.75,1.0,45.0,0.0,112.5,90.0,0.3,1.0,0.255
144,0.8092772436,0.6964679409,0.559148585941,0.599588648644,187.5,18.75,1.0,45.0,0.0,237.5,90.0,0.3,1.0,0.255
145,0.8092772436,0.6964679409,0.608480966328,0.657289907972,187.5,18.75,1.0,135.0,0.0,237.5,90.0,0.3,1.0,0.255
146,0.8092772436,0.6964679409,0.608480966328,0.657289907972,187.5,18.75,1.0,135.0,0.0,237.5,90.0,0.7,1.0,0.255
147,0.8092772292,0.6964679265,0.610974954624,0.660438450252,187.5,56.25,1.0,135.0,0.0,237.5,90.0,0.7,1.0,0.255
148,0.8092772152,0.6964679141,0.661397387947,0.719123330024,187.5,56.25,1.0,135.0,45.0,237.5,90.0,0.7,1.0,0.255
149,0.809277199,0.6964678923,0.657816462286,0.715073913164,187.5,56.25,1.0,135.0,45.0,237.5,45.0,0.7,1.0,0.255
150,0.724474782,0.6967633482,0.657360504143,0.671602166128,250.0,37.5,1.0,0.0,0.0,50.0,45.0,0.5,0.525,0.01
151,0.7244754129,0.6967639791,0.239341782319,0.239989733777,250.0,37.5,1.0,0.0,0.0,50.0,45.0,0.5,0.525,0.255
152,0.7244754024,0.6967639686,0.230697023769,0.230972351871,250.0,37.5,1.0,0.0,0.0,50.0,45.0,0.1,0.525,0.255
153,0.7243077706,0.6965963368,0.249162985975,0.249845163344,125.0,37.5,1.0,0.0,0.0,50.0,45.0,0.1,0.525,0.255
154,0.7243014104,0.6965899766,0.236907102019,0.236484035977,125.0,37.5,1.0,0.0,0.0,50.0,45.0,0.1,0.05,0.255
155,0.724301402,0.6965899623,0.396164531047,0.402227943561,125.0,37.5,1.0,0.0,45.0,50.0,45.0,0.1,0.05,0.255
156,0.7809924268,0.6965899661,0.460925470698,0.477988534637,125.0,37.5,1.0,0.0,45.0,175.0,45.0,0.1,0.05,0.255
157,0.7809923587,0.696589979,0.460731436087,0.477702308795,125.0,37.5,1.0,0.0,45.0,175.0,0.0,0.1,0.05,0.255
158,0.7809923587,0.696589979,0.580701211935,0.613156177295,125.0,37.5,1.0,90.0,45.0,175.0,0.0,0.1,0.05,0.255
159,0.7809923223,0.6965899426,0.582050667963,0.615362869819,125.0,0.0,1.0,90.0,45.0,175.0,0.0,0.1,0.05,0.255
160,0.7808417529,0.6964393373,0.534328609609,0.562106155713,187.5,37.5,1.0,135.0,45.0,175.0,67.5,0.1,0.05,0.3775
161,0.7241507777,0.696439339,0.48186697884,0.493289575557,187.5,37.5,1.0,135.0,45.0,50.0,67.5,0.1,0.05,0.3775
162,0.7241508086,0.6964393682,0.373261542884,0.380245584586,187.5,37.5,1.0,135.0,0.0,50.0,67.5,0.1,0.05,0.3775
163,0.7241675619,0.6964561215,0.364825060913,0.372686080186,187.5,37.5,1.0,135.0,0.0,50.0,67.5,0.1,0.525,0.3775
164,0.7241675805,0.6964561401,0.466777792482,0.47673993712,187.5,37.5,1.0,135.0,0.0,50.0,67.5,0.1,0.525,0.1325
165,0.7242032318,0.6964917914,0.507687368965,0.519010363742,62.5,37.5,1.0,135.0,0.0,50.0,67.5,0.1,0.525,0.1325
166,0.7242032284,0.696491788,0.507379616282,0.518779831544,62.5,37.5,1.0,135.0,0.0,50.0,22.5,0.1,0.525,0.1325
167,0.7242032284,0.696491788,0.446407080212,0.454875039807,62.5,37.5,1.0,45.0,0.0,50.0,22.5,0.1,0.525,0.1325
168,0.7242032345,0.6964917941,0.384731819379,0.390630289214,62.5,75.0,1.0,45.0,0.0,50.0,22.5,0.1,0.525,0.1325
169,0.7242068633,0.6964954229,0.420649046069,0.428074095022,62.5,75.0,1.0,45.0,0.0,50.0,22.5,0.5,0.525,0.1325
170,0.780870556,0.6964681187,0.643474438622,0.681534565156,187.5,75.0,1.0,0.0,0.0,175.0,0.0,0.7,0.7625,0.01
171,0.7808703808,0.6964680144,0.692505945095,0.733862365978,187.5,75.0,1.0,0.0,0.0,175.0,45.0,0.7,0.7625,0.01
172,0.7808703059,0.6964679395,0.477299543012,0.498845628542,187.5,75.0,1.0,0.0,0.0,175.0,45.0,0.7,0.7625,0.255
173,0.7808703059,0.6964679395,0.572170560955,0.607858009403,187.5,75.0,1.0,90.0,0.0,175.0,45.0,0.7,0.7625,0.255
174,0.7808703033,0.6964679369,0.586685131333,0.622665536796,187.5,37.5,1.0,90.0,0.0,175.0,45.0,0.7,0.7625,0.255
175,0.7808982079,0.6964958415,0.607578316085,0.645371343091,62.5,37.5,1.0,90.0,0.0,175.0,45.0,0.7,0.7625,0.255
176,0.780897172,0.6964948056,0.59260418808,0.628517432438,62.5,37.5,1.0,90.0,0.0,175.0,45.0,0.3,0.7625,0.255
177,0.7808972333,0.6964947726,0.642323631322,0.684502111505,62.5,37.5,1.0,90.0,45.0,175.0,45.0,0.3,0.7625,0.255
178,0.8377150703,0.6964947782,0.659222652436,0.7272416151,62.5,37.5,1.0,90.0,45.0,300.0,45.0,0.3,0.7625,0.255
179,0.8377126084,0.6964923163,0.639158378841,0.702856356161,62.5,37.5,1.0,90.0,45.0,300.0,45.0,0.3,0.2875,0.255
180,0.8095732543,0.6967639532,0.55609071046,0.599184729176,250.0,75.0,1.0,45.0,45.0,237.5,0.0,0.5,0.525,0.3775
181,0.8095732473,0.6967639462,0.653026239442,0.708092624127,250.0,75.0,1.0,45.0,45.0,237.5,0.0,0.5,0.525,0.1325
182,0.8093983111,0.69658901,0.677438018653,0.736018424334,125.0,75.0,1.0,45.0,45.0,237.5,0.0,0.5,0.525,0.1325
183,0.8093983267,0.6965890285,0.584520421216,0.626590375378,125.0,75.0,1.0,45.0,0.0,237.5,0.0,0.5,0.525,0.1325
184,0.8093876538,0.6965783556,0.613406362841,0.660147434181,125.0,75.0,1.0,45.0,0.0,237.5,0.0,0.9,0.525,0.1325
185,0.8093876538,0.6965783556,0.618668788036,0.666537054142,125.0,75.0,1.0,135.0,0.0,237.5,0.0,0.9,0.525,0.1325
186,0.8093749654,0.6965656672,0.666834237739,0.722541266844,125.0,75.0,1.0,135.0,0.0,237.5,0.0,0.9,0.05,0.1325
187,0.8093749798,0.696565681,0.738265557426,0.807435019832,125.0,75.0,1.0,135.0,0.0,237.5,45.0,0.9,0.05,0.1325
188,0.809374958,0.6965656592,0.727930775145,0.793928651109,125.0,37.5,1.0,135.0,0.0,237.5,45.0,0.9,0.05,0.1325
189,0.7525748871,0.6965656715,0.679051695396,0.711282062026,125.0,37.5,1.0,135.0,0.0,112.5,45.0,0.9,0.05,0.1325
190,0.752478402,0.6964691748,0.624254328216,0.652393980892,187.5,56.25,1.0,45.0,45.0,112.5,22.5,0.9,0.7625,0.1325
191,0.752478407,0.6964691798,0.512222930918,0.533705086463,187.5,56.25,1.0,45.0,45.0,112.5,22.5,0.9,0.7625,0.3775
192,0.7524783601,0.6964691329,0.505035199387,0.525908351421,187.5,18.75,1.0,45.0,45.0,112.5,22.5,0.9,0.7625,0.3775
193,0.7524755283,0.6964663011,0.49876855763,0.519054624648,187.5,18.75,1.0,45.0,45.0,112.5,22.5,0.5,0.7625,0.3775
194,0.8092756341,0.6964663321,0.574768222203,0.618611223542,187.5,18.75,1.0,45.0,45.0,237.5,22.5,0.5,0.7625,0.3775
195,0.8093046657,0.6964953637,0.587657628794,0.633012578375,62.5,18.75,1.0,45.0,45.0,237.5,22.5,0.5,0.7625,0.3775
196,0.8093046822,0.6964953747,0.611862817802,0.661340260588,62.5,18.75,1.0,45.0,90.0,237.5,22.5,0.5,0.7625,0.3775
197,0.8093046822,0.6964953747,0.651118903395,0.707343056077,62.5,18.75,1.0,135.0,90.0,237.5,22.5,0.5,0.7625,0.3775
198,0.8093046699,0.6964953657,0.649840034853,0.705650502515,62.5,18.75,1.0,135.0,90.0,237.5,67.5,0.5,0.7625,0.3775
199,0.8093050505,0.6964957463,0.649174145615,0.705226204877,62.5,18.75,1.0,135.0,90.0,237.5,67.5,0.5,0.2875,0.3775
200,0.7807494915,0.6963471179,0.558131411438,0.588652970107,0.0,37.5,1.0,0.0,45.0,175.0,22.5,0.5,0.7625,0.255
201,0.7807494915,0.6963471179,0.646150171423,0.68856088901,0.0,37.5,1.0,90.0,45.0,175.0,22.5,0.5,0.7625,0.255
202,0.7807492902,0.6963469166,0.818332402811,0.875817100601,0.0,37.5,1.0,90.0,45.0,175.0,22.5,0.5,0.7625,0.01
203,0.7807490921,0.6963467172,0.826072765506,0.88522878417,0.0,37.5,1.0,90.0,90.0,175.0,22.5,0.5,0.7625,0.01
204,0.7807993033,0.6963969284,0.829187881891,0.888849509693,0.0,37.5,1.0,90.0,90.0,175.0,22.5,0.5,0.2875,0.01
205,0.7808001489,0.6963977589,0.830142630001,0.889467065454,0.0,37.5,1.0,90.0,90.0,175.0,67.5,0.5,0.2875,0.01
206,0.8376175881,0.6963972937,0.803022171784,0.894309235056,0.0,37.5,1.0,90.0,90.0,300.0,67.5,0.5,0.2875,0.01
207,0.8377896783,0.6965693839,0.810624813943,0.902854301115,0.0,37.5,1.0,90.0,90.0,300.0,67.5,0.1,0.2875,0.01
208,0.8378197206,0.6965994262,0.805398943422,0.89626398992,125.0,37.5,1.0,90.0,90.0,300.0,67.5,0.1,0.2875,0.01
209,0.8378191958,0.6965989014,0.787621332848,0.877046672122,125.0,0.0,1.0,90.0,90.0,300.0,67.5,0.1,0.2875,0.01
210,0.7243217087,0.6966102683,0.588499893599,0.60319546587,125.0,56.25,1.0,90.0,45.0,50.0,22.5,0.3,0.05,0.1325
211,0.724475395,0.6967639546,0.561717153828,0.575719138779,250.0,56.25,1.0,90.0,45.0,50.0,22.5,0.3,0.05,0.1325
212,0.724475395,0.6967639546,0.572377202611,0.586826858479,250.0,56.25,1.0,180.0,45.0,50.0,22.5,0.3,0.05,0.1325
213,0.7244753891,0.6967639487,0.557299763977,0.571896831738,250.0,56.25,1.0,180.0,45.0,50.0,22.5,0.7,0.05,0.1325
214,0.7811663238,0.6967639502,0.690049105861,0.738139233,250.0,56.25,1.0,180.0,45.0,175.0,22.5,0.7,0.05,0.1325
215,0.7811663436,0.6967639571,0.697823179528,0.74602023636,250.0,56.25,1.0,180.0,0.0,175.0,22.5,0.7,0.05,0.1325
216,0.7811663296,0.6967639431,0.658651435843,0.701642578975,250.0,56.25,1.0,180.0,0.0,175.0,22.5,0.7,0.525,0.1325
217,0.781166335,0.6967639485,0.578847436245,0.616434529524,250.0,56.25,1.0,180.0,0.0,175.0,22.5,0.7,0.525,0.3775
218,0.7811663399,0.6967639534,0.576537009832,0.613401498001,250.0,18.75,1.0,180.0,0.0,175.0,22.5,0.7,0.525,0.3775
219,0.781166356,0.6967639534,0.573275343683,0.609863650518,250.0,18.75,1.0,180.0,0.0,175.0,67.5,0.7,0.525,0.3775
220,0.8093936589,0.6965843552,0.53953464102,0.57854529757,125.0,0.0,1.0,0.0,67.5,237.5,0.0,0.5,0.7625,0.5
221,0.8094049125,0.6965956088,0.532683188548,0.570651101624,125.0,0.0,1.0,0.0,67.5,237.5,0.0,0.5,0.2875,0.5
222,0.809206836,0.6963975323,0.532051304231,0.570671605672,0.0,0.0,1.0,0.0,67.5,237.5,0.0,0.5,0.2875,0.5
223,0.809206836,0.6963975323,0.593951250913,0.643255457813,0.0,0.0,1.0,90.0,67.5,237.5,0.0,0.5,0.2875,0.5
224,0.809206852,0.6963975483,0.624918453553,0.677329909387,0.0,37.5,1.0,90.0,67.5,237.5,0.0,0.5,0.2875,0.5
225,0.7524068135,0.6963975856,0.551621627046,0.576579295982,0.0,37.5,1.0,90.0,67.5,112.5,0.0,0.5,0.2875,0.5
226,0.7525784072,0.6965691793,0.526723769788,0.548450722091,0.0,37.5,1.0,90.0,67.5,112.5,0.0,0.1,0.2875,0.5
227,0.7525784125,0.6965691914,0.468526778695,0.485511145218,0.0,37.5,1.0,90.0,22.5,112.5,0.0,0.1,0.2875,0.5
228,0.7525784164,0.6965691953,0.543972342246,0.565620077304,0.0,37.5,1.0,90.0,22.5,112.5,0.0,0.1,0.2875,0.255
229,0.7525784323,0.6965692097,0.543787624447,0.565452487151,0.0,37.5,1.0,90.0,22.5,112.5,45.0,0.1,0.2875,0.255
230,0.8376657471,0.6964454502,0.670564013082,0.741586568709,0.0,18.75,1.0,90.0,90.0,300.0,22.5,0.5,0.05,0.255
231,0.8376657252,0.6964454314,0.653201535126,0.720407855976,0.0,18.75,1.0,90.0,45.0,300.0,22.5,0.5,0.05,0.255
232,0.8376657252,0.6964454314,0.581097968037,0.632886480026,0.0,18.75,1.0,0.0,45.0,300.0,22.5,0.5,0.05,0.255
233,0.8376657041,0.6964454176,0.581549190535,0.633566320042,0.0,18.75,1.0,0.0,45.0,300.0,67.5,0.5,0.05,0.255
234,0.8376657128,0.6964454263,0.604949190452,0.661317626045,0.0,56.25,1.0,0.0,45.0,300.0,67.5,0.5,0.05,0.255
235,0.7808478499,0.696445424,0.549819003256,0.579791203181,0.0,56.25,1.0,0.0,45.0,175.0,67.5,0.5,0.05,0.255
236,0.7808482735,0.6964458476,0.807344444436,0.86395561344,0.0,56.25,1.0,0.0,45.0,175.0,67.5,0.5,0.05,0.01
237,0.7810123246,0.6966098987,0.792663059073,0.847553826084,125.0,56.25,1.0,0.0,45.0,175.0,67.5,0.5,0.05,0.01
238,0.7809676021,0.6965651762,0.820607906916,0.878979038589,125.0,56.25,1.0,0.0,45.0,175.0,67.5,0.9,0.05,0.01
239,0.7809811432,0.6965787173,0.805718304505,0.862269673195,125.0,56.25,1.0,0.0,45.0,175.0,67.5,0.9,0.525,0.01
240,0.7239999173,0.6962884764,0.780216263532,0.800002396256,0.0,18.75,1.0,45.0,22.5,50.0,45.0,0.7,0.05,0.01
241,0.7239983838,0.6962869444,0.804130059579,0.825210490971,0.0,18.75,1.0,45.0,67.5,50.0,45.0,0.7,0.05,0.01
242,0.723998984,0.6962875446,0.471873474166,0.482859000345,0.0,18.75,1.0,45.0,67.5,50.0,45.0,0.7,0.05,0.255
243,0.7239989598,0.6962875204,0.526608546406,0.540172431192,0.0,56.25,1.0,45.0,67.5,50.0,45.0,0.7,0.05,0.255
244,0.7240265127,0.6963150733,0.510776015064,0.52364333667,0.0,56.25,1.0,45.0,67.5,50.0,45.0,0.7,0.525,0.255
245,0.7807175012,0.6963150723,0.645759142741,0.688820003992,0.0,56.25,1.0,45.0,67.5,175.0,45.0,0.7,0.525,0.255
246,0.7809859463,0.6965835174,0.629369659243,0.671015346176,125.0,56.25,1.0,45.0,67.5,175.0,45.0,0.7,0.525,0.255
247,0.7809859367,0.6965835349,0.630993240732,0.672573617955,125.0,56.25,1.0,45.0,67.5,175.0,0.0,0.7,0.525,0.255
248,0.7809960939,0.6965936921,0.605720952602,0.643890617361,125.0,56.25,1.0,45.0,67.5,175.0,0.0,0.3,0.525,0.255
249,0.7809960939,0.6965936921,0.65640620999,0.701039793918,125.0,56.25,1.0,135.0,67.5,175.0,0.0,0.3,0.525,0.255
250,0.7242983792,0.6965869388,0.454256623318,0.463440124376,125.0,0.0,1.0,0.0,45.0,50.0,90.0,0.3,0.7625,0.1325
251,0.7242983878,0.6965869481,0.456766013967,0.466079021298,125.0,0.0,1.0,0.0,45.0,50.0,45.0,0.3,0.7625,0.1325
252,0.7242984126,0.6965869729,0.322343976895,0.327205991273,125.0,0.0,1.0,0.0,45.0,50.0,45.0,0.3,0.7625,0.3775
253,0.7242932658,0.6965818261,0.324365467721,0.32929157987,125.0,0.0,1.0,0.0,45.0,50.0,45.0,0.7,0.7625,0.3775
254,0.7240342114,0.6963227717,0.326418521599,0.331267848776,0.0,0.0,1.0,0.0,45.0,50.0,45.0,0.7,0.7625,0.3775
255,0.724016141,0.6963047013,0.321015781418,0.325672506671,0.0,0.0,1.0,0.0,45.0,50.0,45.0,0.7,0.2875,0.3775
256,0.7807071667,0.696304706,0.496480011525,0.523433911039,0.0,0.0,1.0,0.0,45.0,175.0,45.0,0.7,0.2875,0.3775
257,0.7807071667,0.696304706,0.568185398958,0.605239827868,0.0,0.0,1.0,90.0,45.0,175.0,45.0,0.7,0.2875,0.3775
258,0.7807071522,0.6963047858,0.554270907017,0.589106090275,0.0,0.0,1.0,90.0,0.0,175.0,45.0,0.7,0.2875,0.3775
259,0.7807071275,0.6963047611,0.599373169095,0.637284684437,0.0,37.5,1.0,90.0,0.0,175.0,45.0,0.7,0.2875,0.3775
260,0.7242068555,0.6964954151,0.425263900586,0.436327503692,62.5,56.25,1.0,180.0,45.0,50.0,0.0,0.9,1.0,0.5
261,0.7242068555,0.6964954151,0.425263900586,0.436327503692,62.5,56.25,1.0,180.0,45.0,50.0,0.0,0.5,1.0,0.5
262,0.7242068591,0.6964954187,0.417379652535,0.42818174429,62.5,56.25,1.0,180.0,45.0,50.0,0.0,0.5,0.525,0.5
263,0.7242068439,0.6964954042,0.417024400166,0.427836430331,62.5,56.25,1.0,180.0,45.0,50.0,45.0,0.5,0.525,0.5
264,0.724206973,0.6964955392,0.375899007029,0.384987235007,62.5,56.25,1.0,180.0,0.0,50.0,45.0,0.5,0.525,0.5
265,0.7242069004,0.6964954666,0.44069193385,0.450727568098,62.5,56.25,1.0,180.0,0.0,50.0,45.0,0.5,0.525,0.255
266,0.7242069099,0.6964954761,0.454230708925,0.465021856355,62.5,18.75,1.0,180.0,0.0,50.0,45.0,0.5,0.525,0.255
267,0.7241757073,0.6964642735,0.427863936309,0.438040453665,187.5,18.75,1.0,180.0,0.0,50.0,45.0,0.5,0.525,0.255
268,0.7241757073,0.6964642735,0.399566249676,0.408369511336,187.5,18.75,1.0,90.0,0.0,50.0,45.0,0.5,0.525,0.255
269,0.7808666402,0.6964642738,0.577546780514,0.612986639253,187.5,18.75,1.0,90.0,0.0,175.0,45.0,0.5,0.525,0.255
270,0.752504666,0.6964954381,0.768194692082,0.805003652892,62.5,0.0,1.0,0.0,67.5,112.5,90.0,0.9,1.0,0.01
271,0.7525041271,0.6964949031,0.768485893247,0.805451519545,62.5,0.0,1.0,0.0,67.5,112.5,45.0,0.9,1.0,0.01
272,0.7525045133,0.6964952893,0.818777396582,0.858524629788,62.5,37.5,1.0,0.0,67.5,112.5,45.0,0.9,1.0,0.01
273,0.7525061319,0.6964969079,0.818122888721,0.857751655558,62.5,37.5,1.0,0.0,67.5,112.5,45.0,0.9,0.525,0.01
274,0.7525062722,0.6964970482,0.548226804429,0.570476752916,62.5,37.5,1.0,0.0,67.5,112.5,45.0,0.9,0.525,0.255
275,0.7524803074,0.6964710834,0.531071615219,0.552535444354,187.5,37.5,1.0,0.0,67.5,112.5,45.0,0.9,0.525,0.255
276,0.8092804033,0.6964711009,0.611935151556,0.660750513224,187.5,37.5,1.0,0.0,67.5,237.5,45.0,0.9,0.525,0.255
277,0.8092804033,0.6964711009,0.667324158061,0.726229786814,187.5,37.5,1.0,90.0,67.5,237.5,45.0,0.9,0.525,0.255
278,0.8092804042,0.6964711003,0.640584965971,0.694755885853,187.5,37.5,1.0,90.0,22.5,237.5,45.0,0.9,0.525,0.255
279,0.8092735727,0.6964642688,0.620155216039,0.670811184146,187.5,37.5,1.0,90.0,22.5,237.5,45.0,0.5,0.525,0.255
280,0.7242096298,0.6964981902,0.495203855775,0.508520489387,62.5,0.0,1.0,90.0,67.5,50.0,45.0,0.5,0.05,0.255
281,0.7242096842,0.6964982446,0.402288131815,0.412587256408,62.5,0.0,1.0,90.0,67.5,50.0,45.0,0.5,0.05,0.5
282,0.7242096523,0.6964982127,0.421654097056,0.432307188851,62.5,37.5,1.0,90.0,67.5,50.0,45.0,0.5,0.05,0.5
283,0.7242069001,0.6964954605,0.429984817528,0.440971664614,62.5,37.5,1.0,90.0,67.5,50.0,45.0,0.5,0.525,0.5
284,0.7808978584,0.6964954293,0.60374091902,0.643211847198,62.5,37.5,1.0,90.0,67.5,175.0,45.0,0.5,0.525,0.5
285,0.7808995137,0.6964970846,0.622739797642,0.664651855888,62.5,37.5,1.0,90.0,67.5,175.0,45.0,0.9,0.525,0.5
286,0.7808995137,0.6964970846,0.55316271588,0.585050548062,62.5,37.5,1.0,0.0,67.5,175.0,45.0,0.9,0.525,0.5
287,0.7808994096,0.6964970285,0.501268416052,0.526607069842,62.5,37.5,1.0,0.0,22.5,175.0,45.0,0.9,0.525,0.5
288,0.780899493,0.6964970838,0.500650455216,0.526005124746,62.5,37.5,1.0,0.0,22.5,175.0,0.0,0.9,0.525,0.5
289,0.780873472,0.6964710628,0.489213567212,0.513714846849,187.5,37.5,1.0,0.0,22.5,175.0,0.0,0.9,0.525,0.5
290,0.7527731615,0.6967639385,0.556853408803,0.581857738484,250.0,18.75,1.0,90.0,45.0,112.5,90.0,0.1,0.525,0.255
291,0.7527731615,0.6967639385,0.448729115912,0.463681108111,250.0,18.75,1.0,0.0,45.0,112.5,90.0,0.1,0.525,0.255
292,0.7527731822,0.6967639557,0.448902130095,0.463935190118,250.0,18.75,1.0,0.0,45.0,112.5,45.0,0.1,0.525,0.255
293,0.7527731379,0.6967639114,0.384554809625,0.395100334877,250.0,18.75,1.0,0.0,45.0,112.5,45.0,0.1,0.525,0.5
294,0.8095732283,0.6967639254,0.469666126297,0.496458493115,250.0,18.75,1.0,0.0,45.0,237.5,45.0,0.1,0.525,0.5
295,0.8095732792,0.6967639763,0.467621840499,0.494756179624,250.0,56.25,1.0,0.0,45.0,237.5,45.0,0.1,0.525,0.5
296,0.8094056061,0.6965963032,0.487214362339,0.51689333471,125.0,56.25,1.0,0.0,45.0,237.5,45.0,0.1,0.525,0.5
297,0.8094055714,0.6965962684,0.531342928687,0.568601279333,125.0,56.25,1.0,0.0,90.0,237.5,45.0,0.1,0.525,0.5
298,0.8093992445,0.6965899415,0.463735005516,0.486863604927,125.0,56.25,1.0,0.0,90.0,237.5,45.0,0.1,0.05,0.5
299,0.8094194622,0.6966101592,0.553203757429,0.594622054839,125.0,56.25,1.0,0.0,90.0,237.5,45.0,0.5,0.05,0.5
